trade_date,ticker,company_name,person_name,owner_type,num_shares,price_per_share,total_value_of_trade,shares_owned_following_transaction,percent_change_in_shares,transaction_codes,division,major_group
2044-10-04,PAY,"VERIFONE SYSTEMS, INC.",Dumbrell Jeffrey C,Executive Vice President,1388.0,33.18,46054.0,73878.0,2.0,M,Manufacturing,Industrial And Commercial Machinery And Computer Equipment
2033-12-11,VMI,VALMONT INDUSTRIES INC,Applbaum Avner M,"Director, President and CEO",4726.0,0.0,0.0,14033.0,51.0,A,Manufacturing,"Fabricated Metal Products, Except Machinery And Transportation Equipment"
2033-01-10,AXAS,ABRAXAS PETROLEUM CORP,Krog George William Jr,Former VP CAO,-3000.0,0.77,-2310.0,152978.0,-2.0,D,Mining,Oil And Gas Extraction
2032-02-15,NA,"VINEBROOK HOMES TRUST, INC.",Mitts Brian,"Director, See Remarks",-756.559,63.04,-47693.0,29302.842,-3.0,F,"Finance, Insurance, And Real Estate",Holding And Other Investment Offices
2031-03-05,BKJ,"Bancorp of New Jersey, Inc.",Luppino Carmelo Jr.,Director,5000.0,0.0,0.0,23700.0,27.0,A,"Finance, Insurance, And Real Estate",Depository Institutions
2031-01-31,CUZ,COUSINS PROPERTIES INC,Cohn Michael I,EVP,-1343.0,8.9,-11953.0,24204.0,-5.0,F,"Finance, Insurance, And Real Estate",Holding And Other Investment Offices
2031-01-29,AMP,AMERIPRISE FINANCIAL INC,Berman Walter Stanley,Executive VP and CFO,6630.0,0.0,0.0,23900.09,38.0,A,"Finance, Insurance, And Real Estate","Security And Commodity Brokers, Dealers, Exchanges, And Services"
2030-03-19,CALB,California BanCorp,Wirfel Michelle,SEVP and Chief Banking Officer,1350.0,0.0,0.0,23619.0,6.0,A,"Finance, Insurance, And Real Estate",Depository Institutions
2030-03-19,CALB,California BanCorp,Shelton Steven E.,"Director, See Remarks",1700.0,0.0,0.0,52822.0,3.0,A,"Finance, Insurance, And Real Estate",Depository Institutions
2030-03-19,CALB,California BanCorp,Dorrance Thomas M.,Chief Technology Officer,1200.0,0.0,0.0,20763.0,6.0,A,"Finance, Insurance, And Real Estate",Depository Institutions
2030-03-19,CALB,California BanCorp,Myers Scott Alexander,"SEVP, Chief Lending Offier",1350.0,0.0,0.0,10439.0,15.0,A,"Finance, Insurance, And Real Estate",Depository Institutions
2030-03-19,CALB,California BanCorp,SA THOMAS A,See Remarks,1500.0,0.0,0.0,12389.0,14.0,A,"Finance, Insurance, And Real Estate",Depository Institutions
2029-04-01,SHYF,"SHYFT GROUP, INC.",Ocholik Scott Matthew,VP Chief Accounting Officer,-1666.0,12.42,-20692.0,70051.0,-2.0,F,Manufacturing,Transportation Equipment
2029-02-25,BGS,"B&G Foods, Inc.",Cantwell Robert C,"Director, President & CEO",-11027.0,24.5,-270161.0,229461.0,-5.0,F,Manufacturing,Food And Kindred Products
2028-06-25,IIIV,"i3 Verticals, Inc.",BERTKE ROBERT,Chief Technology Officer,34868.0,0.0,0.0,34868.0,inf,J,Services,Business Services
2028-05-24,TMUS,"T-Mobile US, Inc.",DEUTSCHE TELEKOM AG,"Director, 10% Owner",-379340.0,167.89,-63687392.0,674123970.0,0.0,S,Transportation and Utilities,Communications
2027-02-17,LSCC,LATTICE SEMICONDUCTOR CORP,Douglass Stephen,"SVP, CTO",-2324.0,73.24,-170210.0,158446.0,-1.0,F,Manufacturing,"Electronic And Other Electrical Equipment And Components, Except Computer Equipment"
2025-07-17,TWFG,"TWFG, Inc.",Bunch Richard F. III,"Director, President and CEO, 10% Owner",34044396.0,0.0,0.0,33893808.0,-22608.0,A,-1,-1
2025-05-10,VSH,VISHAY INTERTECHNOLOGY INC,Malvisi John,Director,8929.0,22.6,201795.0,16438.0,119.0,P,Manufacturing,"Electronic And Other Electrical Equipment And Components, Except Computer Equipment"
2025-03-15,INSW,"International Seaways, Inc.",Zabrocky Lois K,"Director, President & CEO",-4351.0,0.0,0.0,140598.0,-3.0,F,Transportation and Utilities,Water Transportation
2024-12-31,NA,BROOKFIELD REAL ESTATE INCOME TRUST INC.,Brookfield REIT Adviser LLC,10% Owner,-277691.0,12.07,-3351730.0,186435.0,-60.0,J,"Finance, Insurance, And Real Estate",Holding And Other Investment Offices
2024-12-20,JOE,ST JOE Co,GOFF RHEA,SVP & Chief Admin. Officer,2793.0,0.0,0.0,8037.0,53.0,A,"Finance, Insurance, And Real Estate",Real Estate
2024-07-19,BANF,BANCFIRST CORP /OK/,Hannah Dennis Jay,Executive Vice President,-3000.0,106.5,-319500.0,7714.0,-28.0,S,"Finance, Insurance, And Real Estate",Depository Institutions
2024-07-19,TWFG,"TWFG, Inc.",Bunch Charles Alexander,Chf Creative & Marketing Off,1000.0,17.0,17000.0,48058.0,2.0,P,-1,-1
2024-07-19,JBHT,HUNT J B TRANSPORT SERVICES INC,Lisboa Persio V,Director,600.0,163.47,98082.0,3594.0,20.0,P,Transportation and Utilities,Motor Freight Transportation And Warehousing
2024-07-19,TWFG,"TWFG, Inc.",Bunch Michelle Caroline,Director,202976.0,17.0,3450592.0,695925.0,41.0,P,-1,-1
2024-07-19,TWFG,"TWFG, Inc.",Nolan Katherine C,Chief Operating Officer,6250.0,17.0,106250.0,94485.0,7.0,P,-1,-1
2024-07-19,FLIC,FIRST OF LONG ISLAND CORP,Haye Edward J.,Director,430.0,0.0,0.0,12903.0,3.0,A,"Finance, Insurance, And Real Estate",Depository Institutions
2024-07-19,TWFG,"TWFG, Inc.",Bunch Michelle Caroline,Director,342262.0,0.0,0.0,492949.0,227.0,M,-1,-1
2024-07-19,TWFG,"TWFG, Inc.",DOAK MICHAEL,Director,1820234.0,0.0,0.0,1820234.0,inf,J,-1,-1
2024-07-19,TWFG,"TWFG, Inc.",Ferracone Robin A,Director,16000.0,17.0,272000.0,19529.0,453.0,P,-1,-1
2024-07-19,TWFG,"TWFG, Inc.",Bunch Richard F. III,"Director, President and CEO, 10% Owner",342262.0,0.0,0.0,492949.0,227.0,M,-1,-1
2024-07-19,TWFG,"TWFG, Inc.",Benes Julie E.,General Counsel and Secretary,1000.0,17.0,17000.0,48058.0,2.0,P,-1,-1
2024-07-19,TWFG,"TWFG, Inc.",Bunch Richard F. III,"Director, President and CEO, 10% Owner",202976.0,17.0,3450592.0,695925.0,41.0,P,-1,-1
2024-07-19,MS,MORGAN STANLEY,YESHAYA SHARON,Chief Financial Officer,-15547.0,104.0,-1616888.0,108689.445,-13.0,S,"Finance, Insurance, And Real Estate","Security And Commodity Brokers, Dealers, Exchanges, And Services"
2024-07-19,BXSY,BEXIL INVESTMENT TRUST,WINMILL & CO. INC,"See ""Explanation of Responses""",800.0,13.1,10480.0,47930.0,2.0,P,-1,-1
2024-07-19,TWFG,"TWFG, Inc.",Zwinggi Janice E.,Chief Financial Officer,3000.0,17.0,51000.0,61823.0,5.0,P,-1,-1
2024-07-19,PSMT,PRICESMART INC,ZURCHER EDGAR,Director,-795.0,87.65,-69682.0,8027.0,-9.0,S,Retail Trade,General Merchandise Stores
2024-07-19,PSMT,PRICESMART INC,Price David R,"Director, EVP&Chief Transformational Ofc",-2000.0,87.85,-175700.0,103073.0,-2.0,S,Retail Trade,General Merchandise Stores
2024-07-19,TWFG,"TWFG, Inc.",DOAK MICHAEL,Director,588235.0,17.0,9999995.0,591764.0,16669.0,P,-1,-1
2024-07-19,TWFG,"TWFG, Inc.",Wong Janet S.,Director,2500.0,17.0,42500.0,6029.0,71.0,P,-1,-1
2024-07-18,RCG,"RENN Fund, Inc.",STAHL MURRAY,"Director, President and CEO",191.0,1.78,340.0,564009.0,0.0,P,-1,-1
2024-07-18,PRCT,PROCEPT BioRobotics Corp,PRESCOTT THOMAS M,Director,2358.0,0.0,0.0,2358.0,inf,A,Manufacturing,"Measuring, Analyzing, And Controlling Instruments; Photographic, Medical And Optical Goods; Watches And Clocks"
2024-07-18,ANAB,"ANAPTYSBIO, INC",Lizzul Paul F.,Chief Medical Officer,-1500.0,35.0,-52500.0,11618.0,-11.0,S,Manufacturing,Chemicals And Allied Products
2024-07-18,ANIP,ANI PHARMACEUTICALS INC,Shanmugam Muthusamy,"Director, HEAD OF R&D, COO-NOVITIUM OPS",-2743.0,62.0,-170066.0,706272.0,0.0,S,Manufacturing,Chemicals And Allied Products
2024-07-18,AZZ,AZZ INC,Stovall Bryan Lee,COO - Metal Coatings,-14545.0,84.79,-1233271.0,20000.0,-42.0,S,Manufacturing,"Electronic And Other Electrical Equipment And Components, Except Computer Equipment"
2024-07-18,NET,"Cloudflare, Inc.",SEIFERT THOMAS J,CHIEF FINANCIAL OFFICER,15000.0,0.0,0.0,324937.0,5.0,C,Services,Business Services
2024-07-18,SBSI,SOUTHSIDE BANCSHARES INC,Burchard Curtis,CHIEF LENDING OFFICER,-319.0,31.19,-9950.0,4935.0,-6.0,F,"Finance, Insurance, And Real Estate",Depository Institutions
2024-07-18,FTRE,Fortrea Holdings Inc.,Pesicka Edward A,Director,6354.0,0.0,0.0,6354.0,inf,M,Services,Health Services
2024-07-18,SLE,"Super League Enterprise, Inc.",Gehl Jeff Patrick,Director,50000.0,1.11,55500.0,111618.0,81.0,P,Services,Business Services
2024-07-18,STRM,STREAMLINE HEALTH SOLUTIONS INC.,Ferayorni Justin John,Director,250000.0,0.5,125000.0,5764515.0,5.0,A,Services,Business Services
2024-07-18,UNH,UNITEDHEALTH GROUP INC,GARCIA PAUL R,Director,-30.0,0.0,0.0,4206.0,-1.0,G,"Finance, Insurance, And Real Estate",Insurance Carriers
2024-07-18,BK,Bank of New York Mellon Corp,Smits Hanneke,Sr. Exec. Vice President,-15000.0,64.11,-961650.0,173929.58,-8.0,S,"Finance, Insurance, And Real Estate",Depository Institutions
2024-07-18,SIG,SIGNET JEWELERS LTD,FINN MARY ELIZABETH,Chief People Officer,-8000.0,86.99,-695920.0,54821.0,-13.0,S,Retail Trade,Miscellaneous Retail 
2024-07-18,MAS,MASCO CORP /DE/,Van Etten Bonnie S,"VP, Controller and CAO",13620.0,0.0,0.0,13620.0,inf,A,Manufacturing,"Lumber And Wood Products, Except Furniture"
2024-07-18,EBF,"ENNIS, INC.",Carter Aaron,Director,2485.0,0.0,0.0,12173.0,26.0,A,Manufacturing,"Printing, Publishing, And Allied Industries"
2024-07-18,SMRT,"SmartRent, Inc.",STEMM DARYL,CFO,-1415.0,2.41,-3410.0,52889.0,-3.0,F,Services,Business Services
2024-07-18,BHC,Bausch Health Companies Inc.,Barresi John S,"SVP,  Controller & CAO",49254.0,0.0,0.0,154388.0,47.0,A,Manufacturing,Chemicals And Allied Products
2024-07-18,ENVX,Enovix Corp,Talluri Rajendra K,"Director, President and CEO",-17584.0,16.05,-282223.0,2423677.0,-1.0,F,Manufacturing,"Electronic And Other Electrical Equipment And Components, Except Computer Equipment"
2024-07-18,VTR,"Ventas, Inc.",Rodriguez Joe Vasquez Jr.,Director,30.851,53.21,1642.0,4706.851,1.0,A,"Finance, Insurance, And Real Estate",Holding And Other Investment Offices
2024-07-18,VTR,"Ventas, Inc.",Martino Roxanne M,Director,212.235,53.21,11293.0,54725.87,0.0,A,"Finance, Insurance, And Real Estate",Holding And Other Investment Offices
2024-07-18,UPS,UNITED PARCEL SERVICE INC,Subramanian Bala,Chief Digital & Tech Officer,-3539.5142,144.76,-512380.0,16416.914,-18.0,F,Transportation and Utilities,Motor Freight Transportation And Warehousing
2024-07-18,CULP,CULP INC,Bowling Kenneth R,"EVP, CFO & Treasurer",6882.0,0.0,0.0,53291.0,15.0,M,Manufacturing,Textile Mill Products
2024-07-18,S,"SentinelOne, Inc.",Weingarten Tomer,"Director, President, CEO",-60864.0,20.8,-1265971.0,1119312.0,-5.0,S,Services,Business Services
2024-07-18,STRM,STREAMLINE HEALTH SOLUTIONS INC.,Green Wyche T III,Director,500000.0,0.5,250000.0,2490695.0,25.0,A,Services,Business Services
2024-07-18,MURA,Mural Oncology plc,Keson-Brookes Maiken,See Remarks,-2157.0,3.41,-7355.0,43850.0,-5.0,S,Manufacturing,Chemicals And Allied Products
2024-07-18,EBF,"ENNIS, INC.",Schaefer Michael J,Director,2485.0,0.0,0.0,59599.0,4.0,A,Manufacturing,"Printing, Publishing, And Allied Industries"
2024-07-18,EBF,"ENNIS, INC.",WALTERS MARGARET A,Director,2485.0,0.0,0.0,579445.0,0.0,A,Manufacturing,"Printing, Publishing, And Allied Industries"
2024-07-18,VTR,"Ventas, Inc.",Smith Maurice S,Director,115.237,53.21,6132.0,21104.375,1.0,A,"Finance, Insurance, And Real Estate",Holding And Other Investment Offices
2024-07-18,ASTR,"Astra Space, Inc.",London Adam,"Director, See Remarks, 10% Owner",-1916522.0,0.25,-479130.0,0.0,-100.0,J,"Finance, Insurance, And Real Estate",Holding And Other Investment Offices
2024-07-18,CULP,CULP INC,Durbin Ashley Carter,"SVP, General Counsel",-1138.0,5.1,-5804.0,17355.0,-6.0,F,Manufacturing,Textile Mill Products
2024-07-18,CULP,CULP INC,Durbin Ashley Carter,"SVP, General Counsel",3322.0,0.0,0.0,18493.0,22.0,M,Manufacturing,Textile Mill Products
2024-07-18,CULP,CULP INC,Huffman Teresa Atkins,"SVP, Chief HR Officer",3188.0,0.0,0.0,8155.0,64.0,M,Manufacturing,Textile Mill Products
2024-07-18,ANAB,"ANAPTYSBIO, INC",Lizzul Paul F.,Chief Medical Officer,1500.0,18.5,27750.0,13118.0,13.0,M,Manufacturing,Chemicals And Allied Products
2024-07-18,ASO,"Academy Sports & Outdoors, Inc.",HICKS KEN C,Director,-75000.0,0.0,0.0,422388.0,-15.0,G,Retail Trade,Miscellaneous Retail 
2024-07-18,EBF,"ENNIS, INC.",BLIND JOHN R,Director,2485.0,0.0,0.0,23436.0,12.0,A,Manufacturing,"Printing, Publishing, And Allied Industries"
2024-07-18,VTR,"Ventas, Inc.",Barnes Melody C,Director,64.594,53.21,3437.0,29920.53,0.0,A,"Finance, Insurance, And Real Estate",Holding And Other Investment Offices
2024-07-18,PLMR,"Palomar Holdings, Inc.",Armstrong Mac,"Director, CEO and Chairman",-12227.0,92.12,-1126351.0,501470.0,-2.0,S,"Finance, Insurance, And Real Estate",Insurance Carriers
2024-07-18,SMRT,"SmartRent, Inc.",DeRose-Wilson Isaiah,Chief Technology Officer,7216.0,0.0,0.0,72548.0,11.0,M,Services,Business Services
2024-07-18,SMRT,"SmartRent, Inc.",DeRose-Wilson Isaiah,Chief Technology Officer,-3020.0,2.41,-7278.0,69993.0,-4.0,F,Services,Business Services
2024-07-18,FTRE,Fortrea Holdings Inc.,ECKERT R ANDREW,Director,6354.0,0.0,0.0,6354.0,inf,M,Services,Health Services
2024-07-18,SMRT,"SmartRent, Inc.",Haldeman Lucas Merwan,"Director, Chief Executive Officer",-9323.0,2.42,-22562.0,20201.0,-32.0,F,Services,Business Services
2024-07-18,CULP,CULP INC,CHUMBLEY BOYD BROOKS,"President, Upholstery Fabrics",8193.0,0.0,0.0,77510.0,12.0,M,Manufacturing,Textile Mill Products
2024-07-18,FTRE,Fortrea Holdings Inc.,Ray Amrit,Director,6354.0,0.0,0.0,6354.0,inf,M,Services,Health Services
2024-07-18,UNH,UNITEDHEALTH GROUP INC,McSweeney Erin,EVP & Chief People Officer,-1500.0,579.03,-868545.0,7784.676,-16.0,S,"Finance, Insurance, And Real Estate",Insurance Carriers
2024-07-18,ANIP,ANI PHARMACEUTICALS INC,Cook Meredith,"SR. VP, GENERAL COUNSEL & SEC.",-1743.0,61.35,-106933.0,57238.0,-3.0,F,Manufacturing,Chemicals And Allied Products
2024-07-18,BHVN,Biohaven Ltd.,CHILDS JOHN W,Director,28400.0,35.67,1013028.0,6460644.0,0.0,P,Manufacturing,Chemicals And Allied Products
2024-07-18,CULP,CULP INC,DECKER SHARON A,Director,5000.0,5.2,26000.0,30544.0,20.0,P,Manufacturing,Textile Mill Products
2024-07-18,FTRE,Fortrea Holdings Inc.,NEUPERT PETER M,Director,6354.0,0.0,0.0,28350.0,29.0,M,Services,Health Services
2024-07-18,U,Unity Software Inc.,Lee Michelle K.,Director,-800.0,18.02,-14416.0,21078.0,-4.0,S,Services,Business Services
2024-07-18,CULP,CULP INC,Huffman Teresa Atkins,"SVP, Chief HR Officer",-1188.0,5.1,-6059.0,6967.0,-15.0,F,Manufacturing,Textile Mill Products
2024-07-18,SAH,SONIC AUTOMOTIVE INC,Byrd Heath,EVP and CFO,-19827.0,60.0,-1189620.0,185747.0,-10.0,S,Retail Trade,Automotive Dealers And Gasoline Service Stations
2024-07-18,EBF,"ENNIS, INC.",QUIROZ ALEJANDRO,Director,2485.0,0.0,0.0,32697.0,8.0,A,Manufacturing,"Printing, Publishing, And Allied Industries"
2024-07-18,AEHR,AEHR TEST SYSTEMS,SPORCK ALISTAIR N,VP Contactor Business Unit,-327.0,18.83,-6157.0,26891.0,-1.0,F,Manufacturing,"Measuring, Analyzing, And Controlling Instruments; Photographic, Medical And Optical Goods; Watches And Clocks"
2024-07-18,SMRT,"SmartRent, Inc.",Haldeman Lucas Merwan,"Director, Chief Executive Officer",22274.0,0.0,0.0,11452533.0,0.0,M,Services,Business Services
2024-07-18,CULP,CULP INC,CHUMBLEY BOYD BROOKS,"President, Upholstery Fabrics",-2351.0,5.1,-11990.0,75159.0,-3.0,F,Manufacturing,Textile Mill Products
2024-07-18,EBF,"ENNIS, INC.",MOZINA GARY S,Director,2485.0,0.0,0.0,15142.0,20.0,A,Manufacturing,"Printing, Publishing, And Allied Industries"
2024-07-18,ASTR,"Astra Space, Inc.",Attiq Martin,Chief Business Officer,-36394.0,0.25,-9098.0,0.0,-100.0,J,"Finance, Insurance, And Real Estate",Holding And Other Investment Offices
2024-07-18,USB,US BANCORP \DE\,Gillani Aleem,Director,10000.0,44.99,449900.0,10000.0,inf,P,"Finance, Insurance, And Real Estate",Depository Institutions
2024-07-18,WEST,Westrock Coffee Co,"HF Direct Investments Pool, LLC",10% Owner,-2791.0,10.05,-28050.0,12843717.0,0.0,S,Manufacturing,Food And Kindred Products
2024-07-18,S,"SentinelOne, Inc.",Weingarten Tomer,"Director, President, CEO",60864.0,9.74,592815.0,1180176.0,5.0,C,Services,Business Services
2024-07-18,TEAM,Atlassian Corp,Cannon-Brookes Michael,"Director, Co-CEO, Co-Founder, 10% Owner",-7948.0,179.66,-1427938.0,405348.0,-2.0,S,Services,Business Services
2024-07-18,TEAM,Atlassian Corp,Farquhar Scott,"Director, Co-CEO, Co-Founder, 10% Owner",-7948.0,177.39,-1409896.0,405348.0,-2.0,S,Services,Business Services
2024-07-18,MS,MORGAN STANLEY,AKRAM RAJA,Deputy Chief Financial Officer,-7500.0,106.37,-797775.0,87118.914,-8.0,S,"Finance, Insurance, And Real Estate","Security And Commodity Brokers, Dealers, Exchanges, And Services"
2024-07-18,VTR,"Ventas, Inc.",Roy Sumit,Director,107.175,53.21,5703.0,15489.013,1.0,A,"Finance, Insurance, And Real Estate",Holding And Other Investment Offices
2024-07-18,STRM,STREAMLINE HEALTH SOLUTIONS INC.,Starkey Judith,Director,250000.0,0.5,125000.0,1137311.0,28.0,A,Services,Business Services
2024-07-18,VTR,"Ventas, Inc.",EMBLER MICHAEL J,Director,64.594,53.21,3437.0,11315.53,1.0,A,"Finance, Insurance, And Real Estate",Holding And Other Investment Offices
2024-07-18,CVNA,CARVANA CO.,BREAUX PAUL W.,See Remarks,15000.0,0.0,0.0,129124.0,13.0,C,Retail Trade,Automotive Dealers And Gasoline Service Stations
2024-07-18,ASTR,"Astra Space, Inc.",KEMP CHRIS,"Director, See Remarks, 10% Owner",-1879510.0,0.38,-714214.0,0.0,-100.0,J,"Finance, Insurance, And Real Estate",Holding And Other Investment Offices
2024-07-18,VTR,"Ventas, Inc.",NADER MARGUERITE M,Director,64.594,53.21,3437.0,18085.53,0.0,A,"Finance, Insurance, And Real Estate",Holding And Other Investment Offices
2024-07-18,UPS,UNITED PARCEL SERVICE INC,Subramanian Bala,Chief Digital & Tech Officer,8994.953,0.0,0.0,19956.428,82.0,M,Transportation and Utilities,Motor Freight Transportation And Warehousing
2024-07-18,FDX,FEDEX CORP,Carere Brie,EVP/Chief Customer Officer,-1958.0,310.43,-607822.0,19937.0,-9.0,S,Transportation and Utilities,Transportation By Air
2024-07-18,ASTR,"Astra Space, Inc.",LEHMAN MICHAEL E,Director,-39171.0,0.5,-19585.0,0.0,-100.0,J,"Finance, Insurance, And Real Estate",Holding And Other Investment Offices
2024-07-18,SMAR,SMARTSHEET INC,Branstetter Stephen Robert,Chief Operating Officer,-2004.0,48.0,-96192.0,61791.0,-3.0,S,Services,Business Services
2024-07-18,LFUS,LITTELFUSE INC /DE,HEINZMANN DAVID W,"Director, President & CEO",11.0,192.59,2118.0,59665.0,0.0,M,Manufacturing,"Electronic And Other Electrical Equipment And Components, Except Computer Equipment"
2024-07-18,FTRE,Fortrea Holdings Inc.,Smith David Ross,Director,6354.0,0.0,0.0,6354.0,inf,M,Services,Health Services
2024-07-18,ASTR,"Astra Space, Inc.",Nelson Lisa,Director,-30784.0,0.5,-15392.0,0.0,-100.0,J,"Finance, Insurance, And Real Estate",Holding And Other Investment Offices
2024-07-18,ORCL,ORACLE CORP,PANETTA LEON E,Director,-15000.0,137.89,-2068350.0,58090.0,-21.0,S,Services,Business Services
2024-07-18,ZM,"Zoom Video Communications, Inc.",Bawa Aparna,Chief Operating Officer,-10332.0,56.81,-586961.0,1978.0,-84.0,S,Services,Business Services
2024-07-18,EBF,"ENNIS, INC.",CLEMENS BARBARA T,Director,2485.0,0.0,0.0,18142.0,16.0,A,Manufacturing,"Printing, Publishing, And Allied Industries"
2024-07-18,PGR,PROGRESSIVE CORP/OH/,FARAH ROGER N,Director,-2500.0,0.0,0.0,1715.0,-59.0,G,"Finance, Insurance, And Real Estate",Insurance Carriers
2024-07-18,FBMS,FIRST BANCSHARES INC /MS/,COLE M RAY JR,"Director, PRESIDENT, CEO AND CHAIRMAN",-1197.0,29.56,-35383.0,142704.0,-1.0,F,"Finance, Insurance, And Real Estate",Depository Institutions
2024-07-18,AAON,"AAON, INC.",GAZDER XERXES P,Chief Information Officer,-83.0,87.35,-7250.0,3333.0,-2.0,F,Manufacturing,Industrial And Commercial Machinery And Computer Equipment
2024-07-18,EBF,"ENNIS, INC.",PRIDDY TROY L,Director,2485.0,0.0,0.0,17627.0,16.0,A,Manufacturing,"Printing, Publishing, And Allied Industries"
2024-07-18,FTRE,Fortrea Holdings Inc.,Smith David Ross,Director,-1907.0,25.85,-49296.0,4447.0,-30.0,F,Services,Health Services
2024-07-18,SMRT,"SmartRent, Inc.",STEMM DARYL,CFO,3378.0,0.0,0.0,53954.0,7.0,M,Services,Business Services
2024-07-18,SMRT,"SmartRent, Inc.",Lee Kristen Morse,General Counsel,417.0,0.0,0.0,33369.0,1.0,M,Services,Business Services
2024-07-18,OPEN,Opendoor Technologies Inc.,Meyer Megan D.,"President, Sell Direct & Svcs.",-4808.0,2.64,-12693.0,4484257.0,0.0,S,"Finance, Insurance, And Real Estate",Real Estate
2024-07-18,ASTR,"Astra Space, Inc.",ERAS Capital LLC,See Remarks,-1.0,0.5,0.0,0.0,-100.0,J,"Finance, Insurance, And Real Estate",Holding And Other Investment Offices
2024-07-18,SMRT,"SmartRent, Inc.",Lee Kristen Morse,General Counsel,-175.0,2.43,-425.0,33194.0,-1.0,F,Services,Business Services
2024-07-18,LFUS,LITTELFUSE INC /DE,HEINZMANN DAVID W,"Director, President & CEO",-11.0,273.0,-3003.0,59654.0,0.0,S,Manufacturing,"Electronic And Other Electrical Equipment And Components, Except Computer Equipment"
2024-07-18,MDT,Medtronic plc,Walter Matthew R.,"SVP, Chief HR Officer",492.0,62.76,30878.0,17580.0,3.0,M,Manufacturing,"Measuring, Analyzing, And Controlling Instruments; Photographic, Medical And Optical Goods; Watches And Clocks"
2024-07-18,ASTR,"Astra Space, Inc.",Cullivan Julie A,Director,-28504.0,0.5,-14252.0,0.0,-100.0,J,"Finance, Insurance, And Real Estate",Holding And Other Investment Offices
2024-07-18,ORCL,ORACLE CORP,PANETTA LEON E,Director,15000.0,43.51,652650.0,73090.0,26.0,M,Services,Business Services
2024-07-18,PEPG,PepGen Inc.,Mellion Michelle L,Chief Medical Officer,-12625.0,18.2,-229775.0,0.0,-100.0,S,Manufacturing,Chemicals And Allied Products
2024-07-18,CULP,CULP INC,Bowling Kenneth R,"EVP, CFO & Treasurer",-2525.0,5.1,-12877.0,50766.0,-5.0,F,Manufacturing,Textile Mill Products
2024-07-18,PEPG,PepGen Inc.,Mellion Michelle L,Chief Medical Officer,12625.0,10.21,128901.0,12625.0,inf,M,Manufacturing,Chemicals And Allied Products
2024-07-18,NET,"Cloudflare, Inc.",SEIFERT THOMAS J,CHIEF FINANCIAL OFFICER,-15000.0,80.24,-1203600.0,309937.0,-5.0,S,Services,Business Services
2024-07-18,PGR,PROGRESSIVE CORP/OH/,FARAH ROGER N,Director,-5039.3887,226.67,-1142278.0,4215.0,-54.0,S,"Finance, Insurance, And Real Estate",Insurance Carriers
2024-07-18,VTR,"Ventas, Inc.",LUSTIG MATTHEW J,Director,343.598,53.21,18283.0,84568.16,0.0,A,"Finance, Insurance, And Real Estate",Holding And Other Investment Offices
2024-07-18,TPL,Texas Pacific Land Corp,HORIZON KINETICS ASSET MANAGEMENT LLC,10% Owner,3.0,826.82,2480.0,1085065.0,0.0,P,"Finance, Insurance, And Real Estate",Holding And Other Investment Offices
2024-07-18,PAYC,"Paycom Software, Inc.",Richison Chad R.,"Director, CEO, President and Chairman, 10% Owner",-3900.0,159.88,-623532.0,3608233.0,0.0,S,Services,Business Services
2024-07-18,ASTR,"Astra Space, Inc.",Gall Ulrich,See Remarks,-2667.0,0.5,-1333.0,0.0,-100.0,J,"Finance, Insurance, And Real Estate",Holding And Other Investment Offices
2024-07-17,HOLX,HOLOGIC INC,Stamoulis Christiana,Director,9039.0,26.74,241703.0,54511.0,20.0,M,Manufacturing,"Measuring, Analyzing, And Controlling Instruments; Photographic, Medical And Optical Goods; Watches And Clocks"
2024-07-17,FLNC,"Fluence Energy, Inc.",Williams Peter Bennett,SVP & CSCMO,-3416.0,17.01,-58106.0,5173.0,-40.0,F,Manufacturing,"Electronic And Other Electrical Equipment And Components, Except Computer Equipment"
2024-07-17,VCEL,Vericel Corp,Colangelo Dominick,"Director, President and CEO",-35000.0,51.47,-1801450.0,220937.0,-14.0,S,Manufacturing,Chemicals And Allied Products
2024-07-17,SPCE,"Virgin Galactic Holdings, Inc",Chitale Aparna,"EVP, Chief People Officer",-487.0,8.04,-3915.0,10201.0,-5.0,F,"Finance, Insurance, And Real Estate",Holding And Other Investment Offices
2024-07-17,ANGO,ANGIODYNAMICS INC,Licitra Karen A,Director,20541.0,0.0,0.0,72760.0,39.0,A,Manufacturing,"Measuring, Analyzing, And Controlling Instruments; Photographic, Medical And Optical Goods; Watches And Clocks"
2024-07-17,FLNT,"Fluent, Inc.",Patrick Donald Huntley,Chief Executive Officer,29551.0,0.0,0.0,349313.0,9.0,M,Services,Business Services
2024-07-17,MOGA/MOGB,MOOG INC.,WILKINSON PAUL,Vice President,1000.0,74.38,74380.0,7187.0,16.0,M,Manufacturing,Industrial And Commercial Machinery And Computer Equipment
2024-07-17,LFMD,"LifeMD, Inc.",Jindal Piyush,"Director, Consultant",24835.0,0.0,0.0,362335.0,7.0,A,Manufacturing,Chemicals And Allied Products
2024-07-17,ANGO,ANGIODYNAMICS INC,Clemmer James C,"Director, President and CEO",105811.0,0.0,0.0,644877.0,20.0,A,Manufacturing,"Measuring, Analyzing, And Controlling Instruments; Photographic, Medical And Optical Goods; Watches And Clocks"
2024-07-17,FI,FISERV INC,LaClair Jennifer A.,"EVP, Head of GBS",-3310.0,157.96,-522848.0,26304.0,-11.0,F,Services,Business Services
2024-07-17,BXC,BlueLinx Holdings Inc.,Wamser R Andrew Jr,SVP & Chief Financial Officer,-1430.0,114.49,-163721.0,3378.0,-30.0,F,Wholesale Trade,Wholesale Trade-durable Goods
2024-07-17,TDUP,ThredUp Inc.,Reinhart James G.,"Director, Chief Executive Officer",-10600.0,2.0,-21200.0,841249.0,-1.0,S,Retail Trade,Miscellaneous Retail 
2024-07-17,ABBV,AbbVie Inc.,GONZALEZ RICHARD A,"Director, EXECUTIVE CHAIRMAN OF BOARD",282845.0,81.84,23148036.0,795944.0,55.0,M,Manufacturing,Chemicals And Allied Products
2024-07-17,TEAM,Atlassian Corp,Farquhar Scott,"Director, Co-CEO, Co-Founder, 10% Owner",-7948.0,182.1,-1447331.0,413296.0,-2.0,S,Services,Business Services
2024-07-17,PBYI,"PUMA BIOTECHNOLOGY, INC.",NOUGUES MAXIMO F,Chief Financial Officer,-4156.0,3.7,-15377.0,162522.0,-2.0,S,Manufacturing,Chemicals And Allied Products
2024-07-17,UNF,UNIFIRST CORP,Ross William Masters,Executive Vice President,-2305.0,182.53,-420732.0,4324.0,-35.0,F,Services,Personal Services
2024-07-17,NRIX,"Nurix Therapeutics, Inc.",Kunkel Lori Anne,Director,-54027.0,0.0,0.0,0.0,-100.0,G,Manufacturing,Chemicals And Allied Products
2024-07-17,GTLB,Gitlab Inc.,Schulman Robin,Chief Legal Officer & Corp Sec,-2402.0,56.25,-135112.0,142933.0,-2.0,S,Services,Business Services
2024-07-17,TDUP,ThredUp Inc.,Rotem Alon,Chief Legal Officer,-23342.0,2.02,-47151.0,218048.0,-10.0,S,Retail Trade,Miscellaneous Retail 
2024-07-17,ASAN,"Asana, Inc.",Wan Tim M,Chief Financial Officer,-10000.0,15.0,-150000.0,1239339.0,-1.0,S,Services,Business Services
2024-07-17,BJ,"BJ's Wholesale Club Holdings, Inc.",Werner William C.,"EVP, Strategy & Development",25315.0,17.0,430355.0,66471.0,62.0,M,Retail Trade,General Merchandise Stores
2024-07-17,GNTY,GUARANTY BANCSHARES INC /TX/,Sharp Robert P.,EVP - Guaranty Bank & Trust,-525.0,34.5,-18112.0,108629.0,0.0,S,"Finance, Insurance, And Real Estate",Depository Institutions
2024-07-17,TNGX,"Tango Therapeutics, Inc.","Third Rock Ventures IV, L.P.",10% Owner,-550171.0,9.79,-5386174.0,18651304.0,-3.0,S,Manufacturing,Chemicals And Allied Products
2024-07-17,PAPL,Pineapple Financial Inc.,Dasgupta Shubha-Jeet,"Director, CEO, 10% Owner",2000.0,0.97,1940.0,2000.0,inf,P,"Finance, Insurance, And Real Estate",Non-depository Credit Institutions
2024-07-17,ANGO,ANGIODYNAMICS INC,DONNELLY HOWARD W,Director,20541.0,0.0,0.0,149376.0,16.0,A,Manufacturing,"Measuring, Analyzing, And Controlling Instruments; Photographic, Medical And Optical Goods; Watches And Clocks"
2024-07-17,PSMT,PRICESMART INC,FISHER JEFFREY,Director,-2776.0,90.0,-249840.0,29089.0,-9.0,S,Retail Trade,General Merchandise Stores
2024-07-17,ACDC,ProFrac Holding Corp.,Scrogham Steven,"CLO, CCO & Corp. Sec.",-2380.0,8.57,-20397.0,52848.0,-4.0,F,Mining,Oil And Gas Extraction
2024-07-17,FDX,FEDEX CORP,Krishnasamy Sriram,EVP CDI Off & CTO/CEO FDW,-8421.0,310.05,-2610931.0,12246.0,-41.0,S,Transportation and Utilities,Transportation By Air
2024-07-17,COF,CAPITAL ONE FINANCIAL CORP,Alexander Robert M.,Chief Information Officer,21347.0,86.34,1843100.0,104578.0,26.0,M,"Finance, Insurance, And Real Estate",Depository Institutions
2024-07-17,RELL,"RICHARDSON ELECTRONICS, LTD.",RICHARDSON EDWARD J,"Director, Chairman & CEO, 10% Owner",-1038.0,12.45,-12923.0,40263.0,-3.0,F,Wholesale Trade,Wholesale Trade-durable Goods
2024-07-17,PBYI,"PUMA BIOTECHNOLOGY, INC.",HUNT DOUGLAS M,See Remarks,-3637.0,3.7,-13457.0,133227.0,-3.0,S,Manufacturing,Chemicals And Allied Products
2024-07-17,SHAK,Shake Shack Inc.,Flug Jeffrey,"Director, 10% Owner",-152.0,90.08,-13692.0,3651.0,-4.0,S,Retail Trade,Eating And Drinking Places
2024-07-17,TOST,"Toast, Inc.",Comparato Christopher P,Director,90000.0,1.52,136800.0,202282.0,80.0,M,Services,Business Services
2024-07-17,OPTN,"OptiNose, Inc.",Marino Michael F III,Chief Legal Officer & Corp Sec,-49408.0,1.14,-56325.0,550464.0,-8.0,S,Manufacturing,Chemicals And Allied Products
2024-07-17,RELL,"RICHARDSON ELECTRONICS, LTD.",Diddell Wendy,"Director, COO",-2691.0,12.45,-33503.0,100964.0,-3.0,F,Wholesale Trade,Wholesale Trade-durable Goods
2024-07-17,UTHR,UNITED THERAPEUTICS Corp,ROTHBLATT MARTINE A,"Director, Chairperson & CEO",7200.0,129.49,932328.0,649831.0,1.0,M,Manufacturing,Chemicals And Allied Products
2024-07-17,MS,MORGAN STANLEY,SIMKOWITZ DANIEL A,Co-President,-40000.0,106.54,-4261600.0,444243.75,-8.0,S,"Finance, Insurance, And Real Estate","Security And Commodity Brokers, Dealers, Exchanges, And Services"
2024-07-17,MS,MORGAN STANLEY,Herz Robert H,Director,-1000.0,106.63,-106630.0,95907.62,-1.0,S,"Finance, Insurance, And Real Estate","Security And Commodity Brokers, Dealers, Exchanges, And Services"
2024-07-17,PAYC,"Paycom Software, Inc.",Richison Chad R.,"Director, CEO, President and Chairman, 10% Owner",-3900.0,160.91,-627549.0,3610183.0,0.0,S,Services,Business Services
2024-07-17,MS,MORGAN STANLEY,GORMAN JAMES P,"Director, Executive Chairman",-200000.0,105.06,-21012000.0,568059.5,-26.0,S,"Finance, Insurance, And Real Estate","Security And Commodity Brokers, Dealers, Exchanges, And Services"
2024-07-17,RGR,STURM RUGER & CO INC,Colbert Sarah F,VP of Administration,-2000.0,45.14,-90280.0,32080.0,-6.0,S,Manufacturing,"Fabricated Metal Products, Except Machinery And Transportation Equipment"
2024-07-17,MS,MORGAN STANLEY,PICK EDWARD N,"Director, Chief Executive Officer",200000.0,106.12,21224000.0,805505.9,33.0,J,"Finance, Insurance, And Real Estate","Security And Commodity Brokers, Dealers, Exchanges, And Services"
2024-07-17,MOV,MOVADO GROUP INC,Kennedy Michelle,"SVP, Human Resources",-1245.0,26.05,-32432.0,12202.0,-9.0,S,Manufacturing,"Measuring, Analyzing, And Controlling Instruments; Photographic, Medical And Optical Goods; Watches And Clocks"
2024-07-17,PBYI,"PUMA BIOTECHNOLOGY, INC.",AUERBACH ALAN H,"Director, President and CEO, 10% Owner",-21920.0,3.7,-81104.0,7063515.0,0.0,S,Manufacturing,Chemicals And Allied Products
2024-07-17,UNH,UNITEDHEALTH GROUP INC,ROOS THOMAS E,Chief Accounting Officer,-2851.0,569.88,-1624728.0,29501.299,-9.0,S,"Finance, Insurance, And Real Estate",Insurance Carriers
2024-07-17,DIS,Walt Disney Co,Coleman Sonia L,Sr. EVP and Chief HR Officer,1155.0,0.0,0.0,4249.531,37.0,M,Services,Amusement And Recreation Services
2024-07-17,HGTY,"Hagerty, Inc.",KAUFFMAN ROBERT I,Director,-20190.0,11.18,-225724.0,5497427.0,0.0,S,"Finance, Insurance, And Real Estate","Insurance Agents, Brokers, And Service"
2024-07-17,OPTN,"OptiNose, Inc.",Krick Anthony J,Chief Accounting Officer,-6845.0,1.14,-7803.0,140758.0,-5.0,S,Manufacturing,Chemicals And Allied Products
2024-07-17,RELL,"RICHARDSON ELECTRONICS, LTD.",MCNALLY KATHLEEN,EVP Global Supply Chain,-532.0,12.45,-6623.0,38115.0,-1.0,F,Wholesale Trade,Wholesale Trade-durable Goods
2024-07-17,GOOGL,Alphabet Inc.,Pichai Sundar,"Director, Chief Executive Officer",-22500.0,183.57,-4130325.0,2879231.0,-1.0,S,Services,Business Services
2024-07-17,UNF,UNIFIRST CORP,Ross William Masters,Executive Vice President,-225.0,180.67,-40651.0,4099.0,-5.0,S,Services,Personal Services
2024-07-17,PMNT,Perfect Moment Ltd.,Gottschalk Jane,"Director, Chief Creative Officer, 10% Owner",2400.0,1.88,4512.0,3763316.0,0.0,P,-1,-1
2024-07-17,UNF,UNIFIRST CORP,Ross William Masters,Executive Vice President,2530.0,0.0,0.0,6629.0,62.0,M,Services,Personal Services
2024-07-17,UNH,UNITEDHEALTH GROUP INC,ROOS THOMAS E,Chief Accounting Officer,-439.0,0.0,0.0,29062.299,-1.0,G,"Finance, Insurance, And Real Estate",Insurance Carriers
2024-07-17,COF,CAPITAL ONE FINANCIAL CORP,Alexander Robert M.,Chief Information Officer,-30742.0,150.0,-4611300.0,73836.0,-29.0,S,"Finance, Insurance, And Real Estate",Depository Institutions
2024-07-17,FDX,FEDEX CORP,Krishnasamy Sriram,EVP CDI Off & CTO/CEO FDW,781.0,0.0,0.0,15040.0,5.0,A,Transportation and Utilities,Transportation By Air
2024-07-17,PLMR,"Palomar Holdings, Inc.",Uchida T Christopher,Chief Financial Officer,-1000.0,91.67,-91670.0,24094.0,-4.0,S,"Finance, Insurance, And Real Estate",Insurance Carriers
2024-07-17,PLMR,"Palomar Holdings, Inc.",Christianson Jon,President,-2000.0,91.7,-183400.0,105522.0,-2.0,S,"Finance, Insurance, And Real Estate",Insurance Carriers
2024-07-17,DOCN,"DigitalOcean Holdings, Inc.",Saha Bratin,Chief Product & Tech Officer,-2694.0,34.72,-93536.0,419302.0,-1.0,F,Services,Business Services
2024-07-17,ANGO,ANGIODYNAMICS INC,Burgess Lorinda,Director,20541.0,0.0,0.0,37582.0,121.0,A,Manufacturing,"Measuring, Analyzing, And Controlling Instruments; Photographic, Medical And Optical Goods; Watches And Clocks"
2024-07-17,DXC,DXC Technology Co,Del Bene Robert F,"EVP, Chief Financial Officer",-16884.0,19.77,-333797.0,185251.0,-8.0,F,Services,Business Services
2024-07-17,SIG,SIGNET JEWELERS LTD,Edelman Oded,See Remarks,-18000.0,86.96,-1565280.0,70064.0,-20.0,S,Retail Trade,Miscellaneous Retail 
2024-07-17,SONO,Sonos Inc,Mason Christopher Scott,Principal Accounting Officer,10000.0,11.28,112800.0,132009.0,8.0,M,Manufacturing,"Electronic And Other Electrical Equipment And Components, Except Computer Equipment"
2024-07-17,ECPG,ENCORE CAPITAL GROUP INC,Asch Andrew Eric,"SVP, General Counsel",-1251.0,50.0,-62550.0,18075.0,-6.0,S,"Finance, Insurance, And Real Estate",Non-depository Credit Institutions
2024-07-17,DIS,Walt Disney Co,Coleman Sonia L,Sr. EVP and Chief HR Officer,-586.0,97.57,-57176.0,3663.531,-14.0,F,Services,Amusement And Recreation Services
2024-07-17,PET,Wag! Group Co.,SZABO JOHN P JR,10% Owner,1080000.0,1.4,1512000.0,500000.0,-186.0,P,"Finance, Insurance, And Real Estate",Holding And Other Investment Offices
2024-07-17,DIS,Walt Disney Co,WOODFORD BRENT,"EVP, Control, Fin Plan & Tax",1179.0,0.0,0.0,44728.63,3.0,M,Services,Amusement And Recreation Services
2024-07-17,ETD,ETHAN ALLEN INTERIORS INC,KATHWARI M FAROOQ,"Director, Chairman, President & CEO, 10% Owner",-10700.0,31.05,-332235.0,1837722.2,-1.0,S,Manufacturing,Furniture And Fixtures
2024-07-17,COUR,"Coursera, Inc.",Ng Andrew Y.,Director,100000.0,1.68,168000.0,7228892.0,1.0,M,Services,Business Services
2024-07-17,ANGO,ANGIODYNAMICS INC,REED JAN STERN,Director,20541.0,0.0,0.0,87359.0,31.0,A,Manufacturing,"Measuring, Analyzing, And Controlling Instruments; Photographic, Medical And Optical Goods; Watches And Clocks"
2024-07-17,FDX,FEDEX CORP,Krishnasamy Sriram,EVP CDI Off & CTO/CEO FDW,5627.0,146.41,823849.0,20667.0,37.0,M,Transportation and Utilities,Transportation By Air
2024-07-17,SFIX,"Stitch Fix, Inc.",O'Connor Casey,Chief Legal Officer,-3045.0,4.96,-15103.0,447175.0,-1.0,S,Retail Trade,Miscellaneous Retail 
2024-07-17,UTHR,UNITED THERAPEUTICS Corp,ROTHBLATT MARTINE A,"Director, Chairperson & CEO",-7200.0,333.76,-2403072.0,646231.0,-1.0,S,Manufacturing,Chemicals And Allied Products
2024-07-17,GNTY,GUARANTY BANCSHARES INC /TX/,ABSTON TYSON T,"Director, Chairman and CEO",-5610.0,34.38,-192872.0,109923.0,-5.0,S,"Finance, Insurance, And Real Estate",Depository Institutions
2024-07-17,LMFA,"LM FUNDING AMERICA, INC.",Duran Ryan H,Vice President of Operations,-500.0,4.81,-2405.0,18318.0,-3.0,S,"Finance, Insurance, And Real Estate",Non-depository Credit Institutions
2024-07-17,TEAM,Atlassian Corp,Cannon-Brookes Michael,"Director, Co-CEO, Co-Founder, 10% Owner",-7948.0,182.16,-1447808.0,413296.0,-2.0,S,Services,Business Services
2024-07-17,ICE,"Intercontinental Exchange, Inc.",Edmonds Christopher Scott,"President, Fixed Income & Data",-1000.0,148.6,-148600.0,14636.0,-6.0,S,"Finance, Insurance, And Real Estate","Security And Commodity Brokers, Dealers, Exchanges, And Services"
2024-07-17,EXLS,"ExlService Holdings, Inc.",Kini Narasimha,"EVP, Emerging Bus Unit Leader",-14315.0,34.5,-493867.0,164723.0,-8.0,S,Services,Business Services
2024-07-17,ANGO,ANGIODYNAMICS INC,Auen Eileen O'Shea,Director,20541.0,0.0,0.0,87043.0,31.0,A,Manufacturing,"Measuring, Analyzing, And Controlling Instruments; Photographic, Medical And Optical Goods; Watches And Clocks"
2024-07-17,PLMR,"Palomar Holdings, Inc.",Uchida T Christopher,Chief Financial Officer,1000.0,15.0,15000.0,25094.0,4.0,M,"Finance, Insurance, And Real Estate",Insurance Carriers
2024-07-17,MSBI,"Midland States Bancorp, Inc.",Tucker Douglas J.,SVP Corporate Counsel,-10796.0,25.4,-274218.0,37941.0,-22.0,F,"Finance, Insurance, And Real Estate",Depository Institutions
2024-07-17,ANGO,ANGIODYNAMICS INC,Nighan Warren JR,SVP Quality and Regulatory,18733.0,0.0,0.0,42261.0,80.0,A,Manufacturing,"Measuring, Analyzing, And Controlling Instruments; Photographic, Medical And Optical Goods; Watches And Clocks"
2024-07-17,PBYI,"PUMA BIOTECHNOLOGY, INC.",Ludwig Jeffrey Jerome,Chief Commercial Officer,-2598.0,3.7,-9613.0,118388.0,-2.0,S,Manufacturing,Chemicals And Allied Products
2024-07-17,TWFG,"TWFG, Inc.",Ferracone Robin A,Director,3529.0,0.0,0.0,3529.0,inf,A,-1,-1
2024-07-17,BXSY,BEXIL INVESTMENT TRUST,WINMILL & CO. INC,"See ""Explanation of Responses""",21220.0,13.34,283075.0,47130.0,82.0,P,-1,-1
2024-07-17,PAYX,PAYCHEX INC,DOODY JOSEPH,Director,0.0,0.0,0.0,23758.0,0.0,J,Services,"Engineering, Accounting, Research, Management, And Related Services"
2024-07-17,TOST,"Toast, Inc.",Comparato Christopher P,Director,-90000.0,26.8,-2412000.0,112282.0,-44.0,S,Services,Business Services
2024-07-17,HOLX,HOLOGIC INC,MACMILLAN STEPHEN P,"Director, Chairman, President and CEO",3672.0,26.21,96243.0,2308063.0,0.0,M,Manufacturing,"Measuring, Analyzing, And Controlling Instruments; Photographic, Medical And Optical Goods; Watches And Clocks"
2024-07-17,MOGA/MOGB,MOOG INC.,WILKINSON PAUL,Vice President,-667.0,195.0,-130065.0,6520.0,-9.0,F,Manufacturing,Industrial And Commercial Machinery And Computer Equipment
2024-07-17,HOLX,HOLOGIC INC,MACMILLAN STEPHEN P,"Director, Chairman, President and CEO",-3672.0,80.13,-294237.0,2304391.0,0.0,S,Manufacturing,"Measuring, Analyzing, And Controlling Instruments; Photographic, Medical And Optical Goods; Watches And Clocks"
2024-07-17,TWFG,"TWFG, Inc.",Wong Janet S.,Director,3529.0,0.0,0.0,3529.0,inf,A,-1,-1
2024-07-17,SPCE,"Virgin Galactic Holdings, Inc",Colglazier Michael A,"Director, CEO and President",-2238.0,8.04,-17994.0,60179.0,-4.0,F,"Finance, Insurance, And Real Estate",Holding And Other Investment Offices
2024-07-17,OPTN,"OptiNose, Inc.",Mahmoud Ramy A,"Director, Chief Executive Officer",-111426.0,1.14,-127026.0,1379400.0,-7.0,S,Manufacturing,Chemicals And Allied Products
2024-07-17,TWFG,"TWFG, Inc.",DOAK MICHAEL,Director,3529.0,0.0,0.0,3529.0,inf,A,-1,-1
2024-07-17,ACRV,"Acrivon Therapeutics, Inc.",Miller Mary,Chief Legal Officer,-558.0,7.69,-4291.0,39151.0,-1.0,F,Manufacturing,Chemicals And Allied Products
2024-07-17,BXC,BlueLinx Holdings Inc.,Wamser R Andrew Jr,SVP & Chief Financial Officer,4808.0,0.0,0.0,3756.0,-457.0,M,Wholesale Trade,Wholesale Trade-durable Goods
2024-07-17,MSBI,"Midland States Bancorp, Inc.",Tucker Douglas J.,SVP Corporate Counsel,11566.0,23.0,266018.0,48737.0,31.0,M,"Finance, Insurance, And Real Estate",Depository Institutions
2024-07-17,SPCE,"Virgin Galactic Holdings, Inc",Colglazier Michael A,"Director, CEO and President",2273.0,0.0,0.0,62417.0,4.0,M,"Finance, Insurance, And Real Estate",Holding And Other Investment Offices
2024-07-17,NVDA,NVIDIA CORP,HUANG JEN HSUN,"Director, President and CEO",-240000.0,121.32,-29116800.0,864138370.0,0.0,S,Manufacturing,"Electronic And Other Electrical Equipment And Components, Except Computer Equipment"
2024-07-17,DIS,Walt Disney Co,WOODFORD BRENT,"EVP, Control, Fin Plan & Tax",-288.0,97.57,-28100.0,44440.63,-1.0,F,Services,Amusement And Recreation Services
2024-07-17,BJ,"BJ's Wholesale Club Holdings, Inc.",Werner William C.,"EVP, Strategy & Development",-33437.0,90.93,-3040426.0,33034.0,-50.0,S,Retail Trade,General Merchandise Stores
2024-07-17,ANGO,ANGIODYNAMICS INC,JOHNSON WESLEY,Director,20541.0,0.0,0.0,125863.0,20.0,A,Manufacturing,"Measuring, Analyzing, And Controlling Instruments; Photographic, Medical And Optical Goods; Watches And Clocks"
2024-07-17,ABBV,AbbVie Inc.,GONZALEZ RICHARD A,"Director, EXECUTIVE CHAIRMAN OF BOARD",-282845.0,175.0,-49497876.0,513099.0,-36.0,S,Manufacturing,Chemicals And Allied Products
2024-07-17,SPCE,"Virgin Galactic Holdings, Inc",Kim Sarah E,"EVP, CLO & Secretary",-115.0,8.04,-925.0,9723.0,-1.0,F,"Finance, Insurance, And Real Estate",Holding And Other Investment Offices
2024-07-17,SPCE,"Virgin Galactic Holdings, Inc",Chitale Aparna,"EVP, Chief People Officer",525.0,0.0,0.0,10688.0,5.0,M,"Finance, Insurance, And Real Estate",Holding And Other Investment Offices
2024-07-17,SPCE,"Virgin Galactic Holdings, Inc",Burns Alistair,"SVP, Chief Information Officer",-21.0,8.04,-169.0,18945.0,0.0,F,"Finance, Insurance, And Real Estate",Holding And Other Investment Offices
2024-07-17,HOLX,HOLOGIC INC,Stamoulis Christiana,Director,-9039.0,79.5,-718600.0,45472.0,-17.0,S,Manufacturing,"Measuring, Analyzing, And Controlling Instruments; Photographic, Medical And Optical Goods; Watches And Clocks"
2024-07-17,FLNC,"Fluence Energy, Inc.",Williams Peter Bennett,SVP & CSCMO,8589.0,0.0,0.0,8589.0,inf,M,Manufacturing,"Electronic And Other Electrical Equipment And Components, Except Computer Equipment"
2024-07-17,SONO,Sonos Inc,Mason Christopher Scott,Principal Accounting Officer,-10000.0,14.45,-144500.0,122009.0,-8.0,S,Manufacturing,"Electronic And Other Electrical Equipment And Components, Except Computer Equipment"
2024-07-17,FMC,FMC CORP,Angeli Brian Paul,Ex. VP & Chief Marketing Off.,-400.0,60.0,-24000.0,11899.831,-3.0,S,Manufacturing,Chemicals And Allied Products
2024-07-17,VFC,V F CORP,Darrell Bracken,"Director, President & Chief Exec Officer",-11490.0,15.59,-179129.0,208999.72,-5.0,F,Manufacturing,Apparel And Other Finished Products Made From Fabrics And Similar Materials
2024-07-17,ASAN,"Asana, Inc.",Wan Tim M,Chief Financial Officer,10000.0,1.6,16000.0,1249339.0,1.0,M,Services,Business Services
2024-07-17,INTT,INTEST CORP,ABRAMS STEVEN J,Director,-66750.0,0.0,0.0,87000.0,-43.0,G,Manufacturing,"Measuring, Analyzing, And Controlling Instruments; Photographic, Medical And Optical Goods; Watches And Clocks"
2024-07-17,ASTR,"Astra Space, Inc.",London Adam,"Director, See Remarks, 10% Owner",1896237.0,0.0,0.0,1916522.0,9348.0,C,"Finance, Insurance, And Real Estate",Holding And Other Investment Offices
2024-07-17,CSPI,CSP INC /MA/,NERGES JOSEPH R,10% Owner,2726.0,14.35,39118.0,1372052.0,0.0,P,Services,Business Services
2024-07-17,ASTR,"Astra Space, Inc.",KEMP CHRIS,"Director, See Remarks, 10% Owner",1806376.0,0.0,0.0,1877310.0,2547.0,C,"Finance, Insurance, And Real Estate",Holding And Other Investment Offices
2024-07-17,VCEL,Vericel Corp,Colangelo Dominick,"Director, President and CEO",35000.0,3.02,105700.0,238437.0,17.0,M,Manufacturing,Chemicals And Allied Products
2024-07-17,SPCE,"Virgin Galactic Holdings, Inc",Ahrens Douglas T,Chief Financial Officer,1377.0,0.0,0.0,28923.0,5.0,M,"Finance, Insurance, And Real Estate",Holding And Other Investment Offices
2024-07-17,WEYS,WEYCO GROUP INC,Woss Allison,VP - SUPPLY CHAIN,1250.0,27.94,34925.0,7075.0,21.0,M,Wholesale Trade,Wholesale Trade-non-durable Goods
2024-07-17,WEYS,WEYCO GROUP INC,Woss Allison,VP - SUPPLY CHAIN,-1038.0,33.67,-34949.0,6037.0,-15.0,F,Wholesale Trade,Wholesale Trade-non-durable Goods
2024-07-17,ANGO,ANGIODYNAMICS INC,Campbell Chad Thomas,"SVP/GM, Vascular Access",12350.0,0.0,0.0,65366.0,23.0,A,Manufacturing,"Measuring, Analyzing, And Controlling Instruments; Photographic, Medical And Optical Goods; Watches And Clocks"
2024-07-17,ANGO,ANGIODYNAMICS INC,Piccinini Laura,SVP International,21971.0,0.0,0.0,41064.0,115.0,A,Manufacturing,"Measuring, Analyzing, And Controlling Instruments; Photographic, Medical And Optical Goods; Watches And Clocks"
2024-07-17,ANGO,ANGIODYNAMICS INC,Trowbridge Stephen A,EVP and CFO,38953.0,0.0,0.0,167854.0,30.0,A,Manufacturing,"Measuring, Analyzing, And Controlling Instruments; Photographic, Medical And Optical Goods; Watches And Clocks"
2024-07-17,ANGO,ANGIODYNAMICS INC,Tarnoff Michael E,Director,20541.0,0.0,0.0,65703.0,45.0,A,Manufacturing,"Measuring, Analyzing, And Controlling Instruments; Photographic, Medical And Optical Goods; Watches And Clocks"
2024-07-17,ZVRA,"ZEVRA THERAPEUTICS, INC.",Clifton R. LaDuane,CFO & Treasurer,2000.0,6.77,13540.0,18469.0,12.0,P,Manufacturing,Chemicals And Allied Products
2024-07-17,CWT,CALIFORNIA WATER SERVICE GROUP,Krummel Thomas M,Director,-555.0,52.99,-29409.0,23616.0,-2.0,S,Transportation and Utilities,"Electric, Gas, And Sanitary Services "
2024-07-17,OLED,UNIVERSAL DISPLAY CORP \PA\,ELIAS RICHARD C,Director,0.0,0.0,0.0,18051.0,0.0,G,Manufacturing,"Electronic And Other Electrical Equipment And Components, Except Computer Equipment"
2024-07-17,JKHY,JACK HENRY & ASSOCIATES INC,Carsley Mimi,CFO and Treasurer,1052.0,0.0,0.0,2625.0,67.0,M,Services,Business Services
2024-07-17,TWFG,"TWFG, Inc.",Anderson Jonathan James,Director,3529.0,0.0,0.0,3529.0,inf,A,-1,-1
2024-07-17,JKHY,JACK HENRY & ASSOCIATES INC,Carsley Mimi,CFO and Treasurer,-341.0,169.74,-57881.0,2284.0,-13.0,F,Services,Business Services
2024-07-17,TWFG,"TWFG, Inc.",Bunch Charles Alexander,Chf Creative & Marketing Off,47058.0,0.0,0.0,47058.0,inf,A,-1,-1
2024-07-17,SPCE,"Virgin Galactic Holdings, Inc",Ahrens Douglas T,Chief Financial Officer,-664.0,8.04,-5339.0,28259.0,-2.0,F,"Finance, Insurance, And Real Estate",Holding And Other Investment Offices
2024-07-17,SCKT,"SOCKET MOBILE, INC.",MILLS KEVIN J,"Director, Chief Executive Officer",-55000.0,0.0,0.0,145207.0,-27.0,G,Manufacturing,Industrial And Commercial Machinery And Computer Equipment
2024-07-17,QNST,"QUINSTREET, INC",Wong Gregory,CFO,40000.0,4.01,160400.0,330139.0,14.0,M,Services,Business Services
2024-07-17,TWFG,"TWFG, Inc.",Zwinggi Janice E.,Chief Financial Officer,58823.0,0.0,0.0,58823.0,inf,A,-1,-1
2024-07-17,PTWO,"Pono Capital Two, Inc.",ZUU Co. Ltd.,10% Owner,5406.0,13.0,70278.0,1477066.0,0.0,P,Services,Health Services
2024-07-17,UNF,UNIFIRST CORP,McKenney Cecilia K,Director,136.0,0.0,0.0,136.0,inf,A,Services,Personal Services
2024-07-17,RVP,RETRACTABLE TECHNOLOGIES INC,SHAW THOMAS J,"Director, PRESIDENT AND CEO, 10% Owner",12710.0,1.13,14362.0,15373817.0,0.0,P,Manufacturing,"Measuring, Analyzing, And Controlling Instruments; Photographic, Medical And Optical Goods; Watches And Clocks"
2024-07-17,TWFG,"TWFG, Inc.",Bunch Michelle Caroline,Director,34044396.0,0.0,0.0,33893808.0,-22608.0,A,-1,-1
2024-07-17,ALHC,"Alignment Healthcare, Inc.",KONOWIECKI JOSEPH S,Director,-25000.0,10.0,-250000.0,1208221.0,-2.0,S,"Finance, Insurance, And Real Estate",Insurance Carriers
2024-07-17,ALHC,"Alignment Healthcare, Inc.",Freeman Robert Thomas,Chief Financial Officer,-105000.0,10.0,-1050000.0,1279836.0,-8.0,S,"Finance, Insurance, And Real Estate",Insurance Carriers
2024-07-17,BAC,BANK OF AMERICA CORP /DE/,BERKSHIRE HATHAWAY INC,10% Owner,-33890928.0,43.5,-1474255400.0,998961100.0,-3.0,S,"Finance, Insurance, And Real Estate",Depository Institutions
2024-07-17,MSM,MSC INDUSTRIAL DIRECT CO INC,Shacklett Kimberly,"SVP, Sales & Customer Success",4885.0,79.6,388846.0,17782.0,38.0,M,Wholesale Trade,Wholesale Trade-durable Goods
2024-07-17,TPL,Texas Pacific Land Corp,HORIZON KINETICS ASSET MANAGEMENT LLC,10% Owner,3.0,828.46,2485.0,1085062.0,0.0,P,"Finance, Insurance, And Real Estate",Holding And Other Investment Offices
2024-07-17,RMBL,"RumbleOn, Inc.",Cohen Mark Alexander,"Director, Member of a 10% Group",0.0,0.0,0.0,6409139.0,0.0,G,Services,Business Services
2024-07-17,RBTC,"Rubicon Technologies, Inc.",Palantir Technologies Inc.,10% Owner,-45854.0,0.09,-4127.0,10268389.0,0.0,S,Services,Business Services
2024-07-17,TWFG,"TWFG, Inc.",Benes Julie E.,General Counsel and Secretary,47058.0,0.0,0.0,47058.0,inf,A,-1,-1
2024-07-17,RBBN,Ribbon Communications Inc.,LOPEZ MIGUEL A,"EVP, CFO",-15237.0,3.9,-59424.0,417111.0,-4.0,F,Services,Business Services
2024-07-17,KTOS,"KRATOS DEFENSE & SECURITY SOLUTIONS, INC.",ANDERSON SCOTT I,Director,-11000.0,21.78,-239580.0,105068.0,-9.0,S,Transportation and Utilities,Communications
2024-07-17,MRNA,"Moderna, Inc.",AFEYAN NOUBAR,Director,-15000.0,123.77,-1856550.0,6886164.0,0.0,S,Manufacturing,Chemicals And Allied Products
2024-07-17,SEZL,Sezzle Inc.,Purcell Paul Martin,Former Director,-600.0,92.03,-55218.0,353781.0,0.0,S,Services,Business Services
2024-07-17,RBBN,Ribbon Communications Inc.,LOPEZ MIGUEL A,"EVP, CFO",38724.0,0.0,0.0,432348.0,10.0,M,Services,Business Services
2024-07-17,NCNO,"nCino, Inc.","Insight Holdings Group, LLC","Director, 10% Owner",-133625.0,33.3,-4449712.0,1866757.0,-7.0,S,Services,Business Services
2024-07-17,NCNO,"nCino, Inc.","Insight Holdings Group, LLC","Director, 10% Owner",-73070.0,33.3,-2433231.0,1295541.0,-5.0,S,Services,Business Services
2024-07-17,NCNO,"nCino, Inc.",HORING JEFF,"Director, 10% Owner",-361225.0,32.16,-11616996.0,19407372.0,-2.0,S,Services,Business Services
2024-07-17,SLRN,"ACELYRIN, Inc.",Becker Daniel J.,Director,-1.0,6.86,-7.0,2999.0,0.0,S,Manufacturing,Chemicals And Allied Products
2024-07-17,ACCD,"Accolade, Inc.",Cavanaugh Robert N,President,-157.0,3.86,-606.0,191728.0,0.0,S,Services,Business Services
2024-07-17,ELYM,"Eliem Therapeutics, Inc.",Morisset Valerie,"EVP, R&D AND CSO",-41783.0,6.92,-289138.0,160523.0,-21.0,S,Manufacturing,Chemicals And Allied Products
2024-07-17,PEN,Penumbra Inc,Elsesser Adam,"Director, CEO and President",-15000.0,202.52,-3037800.0,932582.0,-2.0,S,Manufacturing,"Measuring, Analyzing, And Controlling Instruments; Photographic, Medical And Optical Goods; Watches And Clocks"
2024-07-17,IDT,IDT CORP,MASON JOYCE J,EVP and Corporate Secretary,-7570.0,37.25,-281982.0,71020.0,-10.0,S,Transportation and Utilities,Communications
2024-07-17,SLNO,SOLENO THERAPEUTICS INC,Manning Meredith,Chief Commercial Officer,40000.0,0.0,0.0,40000.0,inf,A,Manufacturing,"Measuring, Analyzing, And Controlling Instruments; Photographic, Medical And Optical Goods; Watches And Clocks"
2024-07-17,NCNO,"nCino, Inc.","Insight Holdings Group, LLC","Director, 10% Owner",-154530.0,33.3,-5145849.0,534924.0,-22.0,S,Services,Business Services
2024-07-17,ACCD,"Accolade, Inc.",Barnes Stephen H.,Chief Financial Officer,-122.0,3.86,-471.0,197492.0,0.0,S,Services,Business Services
2024-07-17,DM,"Desktop Metal, Inc.",EBRAHIMI FARHAD FRED,10% Owner,80.0,10.0,800.0,5752636.0,0.0,X,Manufacturing,Industrial And Commercial Machinery And Computer Equipment
2024-07-17,ACCD,"Accolade, Inc.",SINGH RAJEEV,"Director, Chief Executive Officer",-383.0,3.86,-1478.0,1432640.0,0.0,S,Services,Business Services
2024-07-17,RENB,RENOVARO INC.,William Anderson Wittekind,10% Owner,-16362.0,1.46,-23889.0,18484310.0,0.0,S,Manufacturing,Chemicals And Allied Products
2024-07-17,IMVT,"Immunovant, Inc.",Barnett Eva Renee,Chief Financial Officer,-3123.0,30.09,-93971.0,347544.0,-1.0,S,Manufacturing,Chemicals And Allied Products
2024-07-17,WGS,GeneDx Holdings Corp.,"OPKO HEALTH, INC.",10% Owner,-25000.0,32.93,-823250.0,3408403.0,-1.0,S,"Finance, Insurance, And Real Estate",Holding And Other Investment Offices
2024-07-17,SLNO,SOLENO THERAPEUTICS INC,Yen Kristen,SEE REMARKS,85000.0,0.0,0.0,106252.0,400.0,A,Manufacturing,"Measuring, Analyzing, And Controlling Instruments; Photographic, Medical And Optical Goods; Watches And Clocks"
2024-07-17,IMVT,"Immunovant, Inc.",Macias William L.,Chief Medical Officer,-3044.0,30.21,-91959.0,371359.0,-1.0,S,Manufacturing,Chemicals And Allied Products
2024-07-17,SLNO,SOLENO THERAPEUTICS INC,Huang Michael F.,Sr. VP of Clinical Development,35000.0,0.0,0.0,35000.0,inf,A,Manufacturing,"Measuring, Analyzing, And Controlling Instruments; Photographic, Medical And Optical Goods; Watches And Clocks"
2024-07-17,SLNO,SOLENO THERAPEUTICS INC,Hirano Patricia C,SEE REMARKS,85000.0,0.0,0.0,133754.0,174.0,A,Manufacturing,"Measuring, Analyzing, And Controlling Instruments; Photographic, Medical And Optical Goods; Watches And Clocks"
2024-07-17,PGR,PROGRESSIVE CORP/OH/,Bleser Philip,Director,-2129.0,219.08,-466421.0,974.0,-69.0,S,"Finance, Insurance, And Real Estate",Insurance Carriers
2024-07-17,IMVT,"Immunovant, Inc.",Levine Mark S.,Chief Legal Officer,-2505.0,30.09,-75375.0,337409.0,-1.0,S,Manufacturing,Chemicals And Allied Products
2024-07-17,MSM,MSC INDUSTRIAL DIRECT CO INC,Shacklett Kimberly,"SVP, Sales & Customer Success",-4885.0,84.6,-413271.0,12897.0,-27.0,S,Wholesale Trade,Wholesale Trade-durable Goods
2024-07-17,ACEL,"Accel Entertainment, Inc.",Ruttenberg David W.,Director,-3614.0,10.5,-37947.0,429554.0,-1.0,S,"Finance, Insurance, And Real Estate",Holding And Other Investment Offices
2024-07-17,CADL,"Candel Therapeutics, Inc.",Tyagarajan Seshu,Chief Technology Officer,-14851.0,6.47,-96086.0,146049.0,-9.0,S,Manufacturing,Chemicals And Allied Products
2024-07-17,KO,COCA COLA CO,QUAN NANCY,Executive Vice President,-19304.0,64.96,-1253988.0,228598.0,-8.0,S,Manufacturing,Food And Kindred Products
2024-07-17,IVFH,INNOVATIVE FOOD HOLDINGS INC,Pappas James C,"Director, 10% Owner",1250000.0,1.2,1500000.0,9752917.0,15.0,P,Wholesale Trade,Wholesale Trade-non-durable Goods
2024-07-17,KO,COCA COLA CO,QUAN NANCY,Executive Vice President,19304.0,40.89,789341.0,247902.0,8.0,M,Manufacturing,Food And Kindred Products
2024-07-17,ALHC,"Alignment Healthcare, Inc.",Maroney Dawn Christine,"President, Markets",-100000.0,10.01,-1001000.0,1816097.0,-5.0,S,"Finance, Insurance, And Real Estate",Insurance Carriers
2024-07-17,SLNO,SOLENO THERAPEUTICS INC,Anish Bhatnagar,"Director, CHIEF EXECUTIVE OFFICER",850000.0,0.0,0.0,983534.0,637.0,A,Manufacturing,"Measuring, Analyzing, And Controlling Instruments; Photographic, Medical And Optical Goods; Watches And Clocks"
2024-07-17,IMVT,"Immunovant, Inc.",Salzmann Peter,"Director, Chief Executive Officer",-8685.0,30.09,-261332.0,1023412.0,-1.0,S,Manufacturing,Chemicals And Allied Products
2024-07-17,CADL,"Candel Therapeutics, Inc.",Tak Paul Peter,"Director, Chief Executive Officer",-22528.0,6.47,-145756.0,330735.0,-6.0,S,Manufacturing,Chemicals And Allied Products
2024-07-17,ESPR,"Esperion Therapeutics, Inc.",Foody Joanne M.,Chief Medical Officer,-917.0,2.6,-2384.0,272862.0,0.0,S,Manufacturing,Chemicals And Allied Products
2024-07-17,ESPR,"Esperion Therapeutics, Inc.",Warren Eric,Chief Commercial Officer,-108.0,2.59,-280.0,165478.0,0.0,S,Manufacturing,Chemicals And Allied Products
2024-07-17,EXPI,"EXP World Holdings, Inc.",Sanford Glenn Darrel,"Director, CEO and Chairman of the Board, 10% Owner",-55538.0,14.29,-793638.0,41250296.0,0.0,S,Services,Business Services
2024-07-17,ETST,"Earth Science Tech, Inc.",Tabraue Mario Guillermo,"Director, COO",10000.0,0.2,2000.0,12341023.0,0.0,P,Services,"Engineering, Accounting, Research, Management, And Related Services"
2024-07-17,SLNO,SOLENO THERAPEUTICS INC,Mackaness James H,CHIEF FINANCIAL OFFICER,100000.0,0.0,0.0,155763.0,179.0,A,Manufacturing,"Measuring, Analyzing, And Controlling Instruments; Photographic, Medical And Optical Goods; Watches And Clocks"
2024-07-17,PD,"PagerDuty, Inc.",Tejada Jennifer,"Director, Chief Executive Officer",-2000.0,22.0,-44000.0,1232209.0,0.0,S,Services,Business Services
2024-07-17,IMVT,"Immunovant, Inc.",Butchko Julia G.,Chief Development Officer,-2867.0,30.09,-86268.0,443986.0,-1.0,S,Manufacturing,Chemicals And Allied Products
2024-07-17,IVFH,INNOVATIVE FOOD HOLDINGS INC,Gramm Jefferson,Director,1108349.0,1.2,1330019.0,4593349.0,32.0,P,Wholesale Trade,Wholesale Trade-non-durable Goods
2024-07-17,QCRH,QCR HOLDINGS INC,HELLING LARRY J,"Director, CEO, QCRH & CRBT",3500.0,17.49,61215.0,101256.25,4.0,M,"Finance, Insurance, And Real Estate",Depository Institutions
2024-07-17,CADL,"Candel Therapeutics, Inc.",Barone Francesca,Chief Scientific Officer,-14051.0,6.47,-90910.0,159961.0,-8.0,S,Manufacturing,Chemicals And Allied Products
2024-07-17,SHLS,"Shoals Technologies Group, Inc.",MOSS BRANDON,"Director, Chief Executive Officer",-27639.0,6.81,-188222.0,218270.0,-11.0,F,Manufacturing,"Electronic And Other Electrical Equipment And Components, Except Computer Equipment"
2024-07-17,QCRH,QCR HOLDINGS INC,HELLING LARRY J,"Director, CEO, QCRH & CRBT",-1679.0,69.03,-115901.0,99577.25,-2.0,F,"Finance, Insurance, And Real Estate",Depository Institutions
2024-07-17,SCHW,SCHWAB CHARLES CORP,Bettinger Walter W,"Director, Co-Chairman and CEO",25000.0,66.26,1656500.0,840100.56,3.0,P,"Finance, Insurance, And Real Estate","Security And Commodity Brokers, Dealers, Exchanges, And Services"
2024-07-17,CADL,"Candel Therapeutics, Inc.",Nichols William Garrett,Chief Medical Officer,-10875.0,6.47,-70361.0,114482.0,-9.0,S,Manufacturing,Chemicals And Allied Products
2024-07-17,ADVM,"Adverum Biotechnologies, Inc.",Leonard Braden Michael,10% Owner,216264.0,8.43,1823106.0,2287064.0,10.0,P,Manufacturing,Chemicals And Allied Products
2024-07-17,BRZE,"Braze, Inc.",Wiseman Susan,General Counsel,5496.0,0.0,0.0,227336.0,2.0,C,Services,Business Services
2024-07-17,RCG,"RENN Fund, Inc.",STAHL MURRAY,"Director, President and CEO",188.0,1.77,333.0,563818.0,0.0,P,-1,-1
2024-07-17,BRZE,"Braze, Inc.",Wiseman Susan,General Counsel,-5496.0,42.0,-230832.0,221840.0,-2.0,S,Services,Business Services
2024-07-17,PMNT,Perfect Moment Ltd.,Gottschalk Max,"Director, 10% Owner",2400.0,1.88,4512.0,3763316.0,0.0,P,-1,-1
2024-07-17,TPG,TPG Inc.,MESSEMER DEBORAH M.,Director,-4089.0,46.55,-190343.0,17536.0,-19.0,S,"Finance, Insurance, And Real Estate","Security And Commodity Brokers, Dealers, Exchanges, And Services"
2024-07-17,CADL,"Candel Therapeutics, Inc.",Schoch Charles,See Remarks,-9884.0,6.47,-63949.0,62520.0,-14.0,S,Manufacturing,Chemicals And Allied Products
2024-07-17,GOCO,"GoHealth, Inc.",Wheatley Timothy Alan,Director,9906.0,13.98,138486.0,9906.0,inf,A,"Finance, Insurance, And Real Estate","Insurance Agents, Brokers, And Service"
2024-07-17,SCHW,SCHWAB CHARLES CORP,Wurster Richard A,President,10000.0,62.05,620500.0,148170.0,7.0,P,"Finance, Insurance, And Real Estate","Security And Commodity Brokers, Dealers, Exchanges, And Services"
2024-07-17,PD,"PagerDuty, Inc.",Tejada Jennifer,"Director, Chief Executive Officer",1200.0,2.0,2400.0,1234209.0,0.0,M,Services,Business Services
2024-07-17,CULP,CULP INC,English Aron R.,10% Owner,11041.0,5.2,57413.0,1343938.0,1.0,P,Manufacturing,Textile Mill Products
2024-07-17,TWFG,"TWFG, Inc.",Nolan Katherine C,Chief Operating Officer,88235.0,0.0,0.0,88235.0,inf,A,-1,-1
2024-07-17,HIPO,Hippo Holdings Inc.,McCathron Richard,"Director, Chief Executive Officer",-4997.0,20.09,-100390.0,391291.0,-1.0,D,"Finance, Insurance, And Real Estate",Insurance Carriers
2024-07-17,RNR,RENAISSANCERE HOLDINGS LTD,Marra David E,"EVP,Chief Underwriting Officer",-1000.0,230.0,-230000.0,85544.0,-1.0,S,"Finance, Insurance, And Real Estate",Insurance Carriers
2024-07-17,FLNT,"Fluent, Inc.",Conlin Matthew,"Director, Chief Customer Officer, 10% Owner",561466.0,0.0,0.0,2119712.0,36.0,M,Services,Business Services
2024-07-17,BRX,Brixmor Property Group Inc.,SIEGEL STEVEN F,See remarks,-10000.0,24.5,-245000.0,350004.0,-3.0,S,"Finance, Insurance, And Real Estate",Holding And Other Investment Offices
2024-07-17,MKC,MCCORMICK & CO INC,Kurzius Lawrence Erik,Director,-25000.0,75.0,-1875000.0,252729.5,-9.0,S,Manufacturing,Food And Kindred Products
2024-07-16,MNSB,"MainStreet Bancshares, Inc.",DeLeon Rafael E,Director,831.0,18.33,15232.0,9301.0,10.0,A,"Finance, Insurance, And Real Estate",Depository Institutions
2024-07-16,CRM,"Salesforce, Inc.",Harris Parker,"Director, Co-Founder and CTO, Slack",4200.0,118.04,495768.0,1929371.0,0.0,M,Services,Business Services
2024-07-16,YORW,YORK WATER CO,Chiaruttini Alexandra C,CAO & General Counsel,36.784,35.34,1300.0,3401.364,1.0,P,Transportation and Utilities,"Electric, Gas, And Sanitary Services "
2024-07-16,KEQU,KEWAUNEE SCIENTIFIC CORP /DE/,Phillips Elizabeth D,VP - Human Resources,-5854.0,52.0,-304408.0,15441.0,-27.0,F,Manufacturing,"Measuring, Analyzing, And Controlling Instruments; Photographic, Medical And Optical Goods; Watches And Clocks"
2024-07-16,BNED,"Barnes & Noble Education, Inc.",Singer Eric,"Director, 10% Owner",18000.0,8.15,146700.0,11119143.0,0.0,P,Retail Trade,Miscellaneous Retail 
2024-07-16,CARG,"CarGurus, Inc.",Zales Samuel,COO and President,-25168.0,26.49,-666700.0,488083.0,-5.0,S,Services,Business Services
2024-07-16,MTUS,Metallus Inc.,WESTBROOKS KRISTOPHER R,"EVP, Chief Financial Officer",-16247.0,23.03,-374168.0,169642.0,-9.0,S,Manufacturing,Primary Metal Industries
2024-07-16,IONS,IONIS PHARMACEUTICALS INC,KLEIN JOSEPH III,Director,12000.0,24.42,293040.0,28446.0,73.0,M,Manufacturing,Chemicals And Allied Products
2024-07-16,CHH,CHOICE HOTELS INTERNATIONAL INC /DE,Maureen Sullivan,Director,17.14,126.61,2170.0,10078.9,0.0,A,Services,"Hotels, Rooming Houses, Camps, And Other Lodging Places"
2024-07-16,"HEI, HEI.A",HEICO CORP,MENDELSON ERIC A,"Director, Co-President",-53510.0,182.02,-9739890.0,2619857.0,-2.0,S,Manufacturing,Transportation Equipment
2024-07-16,FNKO,"Funko, Inc.",Working Capital Advisors (UK) Ltd.,10% Owner,-2000000.0,8.9,-17800000.0,5129838.0,-28.0,S,Manufacturing,Miscellaneous Manufacturing Industries
2024-07-16,LILAB,Liberty Latin America Ltd.,Henderson Dustin,Shareholder,-7506.0,10.0,-75060.0,2700.0,-74.0,S,Transportation and Utilities,Communications
2024-07-16,PCVX,"Vaxcyte, Inc.",Cowan Elvia,"SVP, FINANCE",5000.0,25.92,129600.0,17723.0,39.0,M,Manufacturing,Chemicals And Allied Products
2024-07-16,DAWN,"Day One Biopharmaceuticals, Inc.",Blackman Samuel C.,HEAD OF R&D,-20000.0,16.01,-320200.0,2121081.0,-1.0,S,Manufacturing,Chemicals And Allied Products
2024-07-16,KMX,CARMAX INC,Mayor-Mora Enrique N,EVP & CFO,-9318.0,83.46,-777680.0,20260.0,-32.0,S,Retail Trade,Automotive Dealers And Gasoline Service Stations
2024-07-16,WM,WASTE MANAGEMENT INC,Watson Michael J.,Sr. VP-Chief Customer Officer,-1500.0,220.0,-330000.0,46684.63,-3.0,S,Transportation and Utilities,"Electric, Gas, And Sanitary Services "
2024-07-16,PUBM,"PubMatic, Inc.",Kumar Mukul,"PRESIDENT, ENGINEERING",8000.0,0.0,0.0,45784.0,21.0,C,Services,Business Services
2024-07-16,YORW,YORK WATER CO,Snyder Mark S,VP- Engineering,9.196,35.34,325.0,3926.586,0.0,P,Transportation and Utilities,"Electric, Gas, And Sanitary Services "
2024-07-16,HAYW,"Hayward Holdings, Inc.",Canning Susan M.,"SVP, CLO, Corporate Secretary",-5028.0,14.0,-70392.0,68439.43,-7.0,S,Manufacturing,Industrial And Commercial Machinery And Computer Equipment
2024-07-16,BXSY,BEXIL INVESTMENT TRUST,WINMILL & CO. INC,"See ""Explanation of Responses""",1000.0,13.12,13120.0,25910.0,4.0,P,-1,-1
2024-07-16,SEZL,Sezzle Inc.,Purcell Paul Martin,Former Director,-7296.0,89.01,-649417.0,354381.0,-2.0,S,Services,Business Services
2024-07-16,JNPR,JUNIPER NETWORKS INC,Mobassaly Robert,SVP General Counsel,3100.0,0.0,0.0,44040.0,8.0,M,Manufacturing,Industrial And Commercial Machinery And Computer Equipment
2024-07-16,MNSB,"MainStreet Bancshares, Inc.",GREEN DARRELL,Director,1161.0,18.33,21281.0,30317.0,4.0,A,"Finance, Insurance, And Real Estate",Depository Institutions
2024-07-16,MTUS,Metallus Inc.,Raketich Kevin A,"EVP, Chief Commercial Officer",-2000.0,23.0,-46000.0,80393.0,-2.0,S,Manufacturing,Primary Metal Industries
2024-07-16,RCG,"RENN Fund, Inc.",STAHL MURRAY,"Director, President and CEO",188.0,1.76,331.0,563630.0,0.0,P,-1,-1
2024-07-16,PCOR,"PROCORE TECHNOLOGIES, INC.",Singer Benjamin C,Chief Legal Officer; Secretary,-2000.0,70.0,-140000.0,106705.0,-2.0,S,Services,Business Services
2024-07-16,COR,"Cencora, Inc.",COLLIS STEVEN H,"Director, Chairman, President & CEO",-10755.0,222.12,-2388901.0,285088.0,-4.0,S,Wholesale Trade,Wholesale Trade-non-durable Goods
2024-07-16,ASO,"Academy Sports & Outdoors, Inc.",Tweedy Jeffrey C.,Director,-625.0,54.25,-33906.0,10106.0,-6.0,S,Retail Trade,Miscellaneous Retail 
2024-07-16,KMX,CARMAX INC,Mayor-Mora Enrique N,EVP & CFO,11150.0,63.04,702896.0,29578.0,61.0,M,Retail Trade,Automotive Dealers And Gasoline Service Stations
2024-07-16,XIVYX,Institutional Investment Strategy Fund,Ghodoosi Arash,"President, Principal Executive, 10% Owner",19708.26,10.56,208119.0,59951.55,49.0,P,-1,-1
2024-07-16,IDT,IDT CORP,COSENTINO ERIC F.,Director,-800.0,37.24,-29792.0,551.0,-59.0,S,Transportation and Utilities,Communications
2024-07-16,CHWY,"Chewy, Inc.",STAR JAMES A,Director,8133.0,0.0,0.0,484313.0,2.0,A,Retail Trade,Miscellaneous Retail 
2024-07-16,HIMS,"Hims & Hers Health, Inc.",Becklund Irene,PAO,-472.0,23.23,-10965.0,2913.0,-14.0,S,Services,Health Services
2024-07-16,CARG,"CarGurus, Inc.",Zales Samuel,COO and President,17668.0,0.16,2827.0,513251.0,4.0,M,Services,Business Services
2024-07-16,KEQU,KEWAUNEE SCIENTIFIC CORP /DE/,HULL THOMAS DAVID III,"Director, President, CEO",-7877.0,52.0,-409604.0,46497.0,-14.0,F,Manufacturing,"Measuring, Analyzing, And Controlling Instruments; Photographic, Medical And Optical Goods; Watches And Clocks"
2024-07-16,CHH,CHOICE HOTELS INTERNATIONAL INC /DE,Smith Gordon,Director,6.75,126.61,855.0,5492.68,0.0,A,Services,"Hotels, Rooming Houses, Camps, And Other Lodging Places"
2024-07-16,GTE,GRAN TIERRA ENERGY INC.,Guidry Gary,"Director, President and CEO",427.0,9.98,4261.0,423409.0,0.0,A,Mining,Oil And Gas Extraction
2024-07-16,GTE,GRAN TIERRA ENERGY INC.,Evans Jim,"VP, Corporate Services",122.0,9.98,1218.0,47601.0,0.0,A,Mining,Oil And Gas Extraction
2024-07-16,CZFS,CITIZENS FINANCIAL SERVICES INC,LANDY R JOSEPH,Director,-20.0,0.0,0.0,26887.244,0.0,G,"Finance, Insurance, And Real Estate",Depository Institutions
2024-07-16,INCY,INCYTE CORP,Flannelly Barry P,EVP & General Manager US,-1306.0,64.19,-83832.0,58042.0,-2.0,S,Services,"Engineering, Accounting, Research, Management, And Related Services"
2024-07-16,SNPS,SYNOPSYS INC,DE GEUS AART,"Director, EXECUTIVE CHAIR",-186551.0,0.0,0.0,323291.0,-37.0,G,Services,Business Services
2024-07-16,IT,GARTNER INC,Herkes Claire,"EVP, Conferences",-183.0,455.02,-83269.0,3053.0,-6.0,F,Services,"Engineering, Accounting, Research, Management, And Related Services"
2024-07-16,FITB,FIFTH THIRD BANCORP,Schramm Jude,EVP & CIO,-2500.0,40.0,-100000.0,134422.0,-2.0,S,"Finance, Insurance, And Real Estate",Depository Institutions
2024-07-16,PODC,"PodcastOne, Inc.",MERRIMAN D JONATHAN,Director,28000.0,1.56,43680.0,289618.0,11.0,P,Services,Business Services
2024-07-16,YORW,YORK WATER CO,Hand Joseph Thomas,"Director, CEO & President",275.878,35.34,9750.0,32584.111,1.0,P,Transportation and Utilities,"Electric, Gas, And Sanitary Services "
2024-07-16,HUBS,HUBSPOT INC,Halligan Brian,"Director, Executive Chair",-8500.0,472.27,-4014295.0,518152.0,-2.0,S,Services,Business Services
2024-07-16,SMHI,SEACOR Marine Holdings Inc.,Rossmiller Gregory Scott,SVP & CAO,-8617.0,15.02,-129427.0,224897.0,-4.0,S,Transportation and Utilities,Water Transportation
2024-07-16,CHWY,"Chewy, Inc.",Dickson Kristine,Director,8133.0,0.0,0.0,19782.0,70.0,A,Retail Trade,Miscellaneous Retail 
2024-07-16,CHH,CHOICE HOTELS INTERNATIONAL INC /DE,Landsman Liza,Director,14.31,126.61,1812.0,15510.8,0.0,A,Services,"Hotels, Rooming Houses, Camps, And Other Lodging Places"
2024-07-16,ZVRA,"ZEVRA THERAPEUTICS, INC.",Anderson Thomas,Director,10000.0,6.81,68100.0,20000.0,100.0,P,Manufacturing,Chemicals And Allied Products
2024-07-16,CHH,CHOICE HOTELS INTERNATIONAL INC /DE,SHAMES ERVIN R,Director,90.2,126.61,11420.0,52591.0,0.0,A,Services,"Hotels, Rooming Houses, Camps, And Other Lodging Places"
2024-07-16,KEQU,KEWAUNEE SCIENTIFIC CORP /DE/,HULL THOMAS DAVID III,"Director, President, CEO",12000.0,20.13,241560.0,54374.0,28.0,M,Manufacturing,"Measuring, Analyzing, And Controlling Instruments; Photographic, Medical And Optical Goods; Watches And Clocks"
2024-07-16,TEAM,Atlassian Corp,Cannon-Brookes Michael,"Director, Co-CEO, Co-Founder, 10% Owner",-7948.0,183.18,-1455915.0,421244.0,-2.0,S,Services,Business Services
2024-07-16,KEQU,KEWAUNEE SCIENTIFIC CORP /DE/,Phillips Elizabeth D,VP - Human Resources,9000.0,20.59,185310.0,21295.0,73.0,M,Manufacturing,"Measuring, Analyzing, And Controlling Instruments; Photographic, Medical And Optical Goods; Watches And Clocks"
2024-07-16,CHH,CHOICE HOTELS INTERNATIONAL INC /DE,TAGUE JOHN P,Director,56.52,126.61,7156.0,30435.8,0.0,A,Services,"Hotels, Rooming Houses, Camps, And Other Lodging Places"
2024-07-16,BHB,BAR HARBOR BANKSHARES,Smith Kenneth Eugene,Director,18.72,29.15,546.0,24526.598,0.0,I,"Finance, Insurance, And Real Estate",Depository Institutions
2024-07-16,CHH,CHOICE HOTELS INTERNATIONAL INC /DE,Koch Monte JM,Director,21.97,126.61,2782.0,18250.52,0.0,A,Services,"Hotels, Rooming Houses, Camps, And Other Lodging Places"
2024-07-16,EXPI,"EXP World Holdings, Inc.",Sanford Glenn Darrel,"Director, CEO and Chairman of the Board, 10% Owner",-65217.0,13.79,-899342.0,41305836.0,0.0,S,Services,Business Services
2024-07-16,YORW,YORK WATER CO,Poff Matthew E,Chief Financial Officer,3.678,35.34,130.0,6713.481,0.0,P,Transportation and Utilities,"Electric, Gas, And Sanitary Services "
2024-07-16,OXM,OXFORD INDUSTRIES INC,Chubb Thomas Caldecot III,"Director, CEO and President",0.0,0.0,0.0,140778.0,0.0,J,Manufacturing,Apparel And Other Finished Products Made From Fabrics And Similar Materials
2024-07-16,HIMS,"Hims & Hers Health, Inc.",Becklund Irene,PAO,472.0,9.41,4442.0,3385.0,16.0,M,Services,Health Services
2024-07-16,GTE,GRAN TIERRA ENERGY INC.,Morin Sebastien,Chief Operating Officer,305.0,9.98,3044.0,2753.0,12.0,A,Mining,Oil And Gas Extraction
2024-07-16,PDCO,"PATTERSON COMPANIES, INC.",Zurbay Donald,"Director, President & CEO",-7216.0,24.99,-180328.0,231270.0,-3.0,S,Wholesale Trade,Wholesale Trade-durable Goods
2024-07-16,CHH,CHOICE HOTELS INTERNATIONAL INC /DE,JEWS WILLIAM L,Director,13.75,126.61,1741.0,25991.3,0.0,A,Services,"Hotels, Rooming Houses, Camps, And Other Lodging Places"
2024-07-16,TPL,Texas Pacific Land Corp,HORIZON KINETICS ASSET MANAGEMENT LLC,10% Owner,3.0,830.44,2491.0,1085059.0,0.0,P,"Finance, Insurance, And Real Estate",Holding And Other Investment Offices
2024-07-16,GTE,GRAN TIERRA ENERGY INC.,Ellson Ryan,Chief Financial Officer,153.0,9.98,1527.0,84859.0,0.0,A,Mining,Oil And Gas Extraction
2024-07-16,GTE,GRAN TIERRA ENERGY INC.,Abraham Phillip D,"VP, Legal and Business Dev.",198.0,9.98,1976.0,23646.0,1.0,A,Mining,Oil And Gas Extraction
2024-07-16,PCVX,"Vaxcyte, Inc.",Cowan Elvia,"SVP, FINANCE",-5000.0,85.0,-425000.0,12723.0,-28.0,S,Manufacturing,Chemicals And Allied Products
2024-07-16,COR,"Cencora, Inc.",COLLIS STEVEN H,"Director, Chairman, President & CEO",10755.0,89.58,963433.0,295843.0,4.0,M,Wholesale Trade,Wholesale Trade-non-durable Goods
2024-07-16,SMHI,SEACOR Marine Holdings Inc.,Llorca Jesus,EVP & CFO,-14168.0,15.0,-212520.0,430638.0,-3.0,S,Transportation and Utilities,Water Transportation
2024-07-16,JNPR,JUNIPER NETWORKS INC,Mobassaly Robert,SVP General Counsel,-1602.0,37.28,-59723.0,42438.0,-4.0,F,Manufacturing,Industrial And Commercial Machinery And Computer Equipment
2024-07-16,IONS,IONIS PHARMACEUTICALS INC,KLEIN JOSEPH III,Director,-12000.0,50.0,-600000.0,16446.0,-42.0,S,Manufacturing,Chemicals And Allied Products
2024-07-16,NYSE: SCS,STEELCASE INC,PEW ROBERT C III,Director,-5934.0,0.0,0.0,187621.0,-3.0,G,Manufacturing,Furniture And Fixtures
2024-07-16,IONS,IONIS PHARMACEUTICALS INC,Diaz Allene M.,Director,-1637.0,49.55,-81113.0,15716.0,-9.0,S,Manufacturing,Chemicals And Allied Products
2024-07-16,APOG,"APOGEE ENTERPRISES, INC.",Jewell Brent C,"President, Architectural Glass",-5000.0,64.34,-321700.0,23471.0,-18.0,S,Manufacturing,"Stone, Clay, Glass, And Concrete Products"
2024-07-16,MNSB,"MainStreet Bancshares, Inc.",Manouchehri Ali R,Director - MainStreet Bank,437.0,18.33,8010.0,1295.0,51.0,A,"Finance, Insurance, And Real Estate",Depository Institutions
2024-07-16,YORW,YORK WATER CO,BRACEY VERNON L,VP- Customer Service,25.749,35.34,910.0,2194.122,1.0,P,Transportation and Utilities,"Electric, Gas, And Sanitary Services "
2024-07-16,BZH,BEAZER HOMES USA INC,Belknap Keith L Jr,"EVP, General Counsel",-80738.0,33.06,-2669198.0,70081.0,-54.0,S,Construction,Building Construction General Contractors And Operative Builders
2024-07-16,HUBS,HUBSPOT INC,Halligan Brian,"Director, Executive Chair",7461.0,37.67,281056.0,532658.0,1.0,M,Services,Business Services
2024-07-16,CRM,"Salesforce, Inc.",Harris Parker,"Director, Co-Founder and CTO, Slack",-4200.0,255.73,-1074066.0,1925171.0,0.0,S,Services,Business Services
2024-07-16,CHWY,"Chewy, Inc.",Nesbitt Martin H.,Director,8133.0,0.0,0.0,21599.0,60.0,A,Retail Trade,Miscellaneous Retail 
2024-07-16,TEAM,Atlassian Corp,Farquhar Scott,"Director, Co-CEO, Co-Founder, 10% Owner",-7948.0,183.18,-1455915.0,421244.0,-2.0,S,Services,Business Services
2024-07-16,EGHT,8X8 INC /DE/,Seandel Suzy M,Chief Accounting Officer,-7333.0,2.83,-20752.0,259166.0,-3.0,S,Transportation and Utilities,Communications
2024-07-16,ROOT,"Root, Inc.",Allison Jonathan,Chief Administrative Officer,-14.0,80.97,-1134.0,70776.0,0.0,F,"Finance, Insurance, And Real Estate",Insurance Carriers
2024-07-16,CHWY,"Chewy, Inc.",Nelson James Larry,Director,8133.0,0.0,0.0,19765.0,70.0,A,Retail Trade,Miscellaneous Retail 
2024-07-16,CAT,CATERPILLAR INC,Johnson Cheryl H,Chief Human Resources Officer,-1508.0,350.0,-527800.0,18761.0,-7.0,S,Manufacturing,Industrial And Commercial Machinery And Computer Equipment
2024-07-16,CHH,CHOICE HOTELS INTERNATIONAL INC /DE,Cimerola Patrick,Chief Human Resources Officer,37.29,126.61,4721.0,23497.9,0.0,A,Services,"Hotels, Rooming Houses, Camps, And Other Lodging Places"
2024-07-16,CHTR,"CHARTER COMMUNICATIONS, INC. /MO/",Liberty Broadband Corp,"Director, 10% Owner",-139151.0,281.28,-39140392.0,45786164.0,0.0,D,Transportation and Utilities,Communications
2024-07-16,IRM,IRON MOUNTAIN INC,Tomovcsik John,"EVP, Chief Operating Officer",-2500.0,100.0,-250000.0,17866.0,-12.0,S,"Finance, Insurance, And Real Estate",Holding And Other Investment Offices
2024-07-16,BRX,Brixmor Property Group Inc.,SIEGEL STEVEN F,See remarks,-10000.0,24.0,-240000.0,360004.0,-3.0,S,"Finance, Insurance, And Real Estate",Holding And Other Investment Offices
2024-07-16,PUBM,"PubMatic, Inc.",Kumar Mukul,"PRESIDENT, ENGINEERING",-8000.0,21.85,-174800.0,37784.0,-17.0,S,Services,Business Services
2024-07-16,MTUS,Metallus Inc.,WESTBROOKS KRISTOPHER R,"EVP, Chief Financial Officer",7968.0,13.39,106692.0,185889.0,4.0,M,Manufacturing,Primary Metal Industries
2024-07-16,MNKD,MANNKIND CORP,Binder Steven B.,EVP Special Projects,-2836.0,5.93,-16817.0,1100860.0,0.0,S,Manufacturing,Chemicals And Allied Products
2024-07-16,CRS,CARPENTER TECHNOLOGY CORP,Malloy Brian J,SVP and COO,17237.0,0.0,0.0,73242.73,31.0,A,Manufacturing,Primary Metal Industries
2024-07-16,UBER,"Uber Technologies, Inc",West Tony,See Remarks,14293.0,0.0,0.0,118443.0,14.0,M,Services,Business Services
2024-07-16,CRS,CARPENTER TECHNOLOGY CORP,Malloy Brian J,SVP and COO,-7763.0,122.25,-949027.0,65479.73,-11.0,F,Manufacturing,Primary Metal Industries
2024-07-16,MNKD,MANNKIND CORP,Thomson David,EVP Genl Counsel & Secretary,-3115.0,5.93,-18472.0,857885.0,0.0,S,Manufacturing,Chemicals And Allied Products
2024-07-16,CRS,CARPENTER TECHNOLOGY CORP,LAIN TIMOTHY,SVP and CFO,21878.0,0.0,0.0,104723.45,26.0,A,Manufacturing,Primary Metal Industries
2024-07-16,UBER,"Uber Technologies, Inc",West Tony,See Remarks,-7089.0,74.3,-526713.0,111354.0,-6.0,F,Services,Business Services
2024-07-16,UBER,"Uber Technologies, Inc",Krishnamurthy Nikki,SVP and Chief People Officer,7539.0,0.0,0.0,351309.0,2.0,M,Services,Business Services
2024-07-16,ONB,OLD NATIONAL BANCORP /IN/,Sandgren James A,"CEO, COMMERCIAL BANKING",-2770.0,0.0,0.0,319288.0,-1.0,G,"Finance, Insurance, And Real Estate",Depository Institutions
2024-07-16,UBER,"Uber Technologies, Inc",Krishnamurthy Nikki,SVP and Chief People Officer,-3012.0,74.3,-223792.0,348297.0,-1.0,F,Services,Business Services
2024-07-16,UBER,"Uber Technologies, Inc",Hazelbaker Jill,See Remarks,13097.0,0.0,0.0,176009.0,8.0,M,Services,Business Services
2024-07-16,PSMT,PRICESMART INC,FISHER JEFFREY,Director,-7224.0,85.0,-614040.0,31865.0,-18.0,S,Retail Trade,General Merchandise Stores
2024-07-16,CRS,CARPENTER TECHNOLOGY CORP,DEE JAMES D,SVP Gen Counsel & Sec,11935.0,0.0,0.0,96864.19,14.0,A,Manufacturing,Primary Metal Industries
2024-07-16,UBER,"Uber Technologies, Inc",Ceremony Glen,See Remarks,4958.0,0.0,0.0,195132.0,3.0,M,Services,Business Services
2024-07-16,PAYO,Payoneer Global Inc.,Ordonez Beatrice,Chief Financial Officer,-55836.0,5.53,-308773.0,2620356.0,-2.0,F,Services,Business Services
2024-07-16,CRS,CARPENTER TECHNOLOGY CORP,DEE JAMES D,SVP Gen Counsel & Sec,-6373.0,122.25,-779099.0,90491.19,-7.0,F,Manufacturing,Primary Metal Industries
2024-07-16,JOBY,"Joby Aviation, Inc.",Papadopoulos Didier,President of Aircraft OEM,-6140.0,7.5,-46050.0,41857.0,-13.0,S,Manufacturing,Transportation Equipment
2024-07-16,UBER,"Uber Technologies, Inc",Mahendra-Rajah Prashanth,CFO,2839.0,0.0,0.0,15109.0,23.0,M,Services,Business Services
2024-07-16,UBER,"Uber Technologies, Inc",Ceremony Glen,See Remarks,-2460.0,74.3,-182778.0,192672.0,-1.0,F,Services,Business Services
2024-07-16,PTCT,"PTC THERAPEUTICS, INC.",Gravier Pierre,CHIEF FINANCIAL OFFICER,-2269.0,34.02,-77191.0,53531.0,-4.0,S,Manufacturing,Chemicals And Allied Products
2024-07-16,CRS,CARPENTER TECHNOLOGY CORP,AKINS MARSHALL D,VP Chief Commercial Officer,3980.0,0.0,0.0,26993.77,17.0,A,Manufacturing,Primary Metal Industries
2024-07-16,PLXS,PLEXUS CORP,Kelsey Todd P.,"Director, President & CEO",-1656.0,115.0,-190440.0,96682.0,-2.0,S,Manufacturing,"Electronic And Other Electrical Equipment And Components, Except Computer Equipment"
2024-07-16,NBIX,NEUROCRINE BIOSCIENCES INC,Cooke Julie,Chief Human Resources Officer,-900.0,150.04,-135036.0,18202.0,-5.0,S,Manufacturing,Chemicals And Allied Products
2024-07-16,OKTA,"Okta, Inc.",Kerrest Jacques Frederic,Director,26618.0,0.0,0.0,26618.0,inf,C,Services,Business Services
2024-07-16,SBCF,SEACOAST BANKING CORP OF FLORIDA,HUDSON DENNIS S III,Director,-16000.0,27.0,-432000.0,369397.75,-4.0,S,"Finance, Insurance, And Real Estate",Depository Institutions
2024-07-16,ADSK,"Autodesk, Inc.",BLASING KAREN,Director,1338.0,0.0,0.0,9488.0,16.0,A,Services,Business Services
2024-07-16,RBLX,Roblox Corp,Rawlings Amy Marie,Chief Accounting Officer,7448.0,0.0,0.0,104550.0,8.0,A,Services,Business Services
2024-07-16,OKTA,"Okta, Inc.",Kerrest Jacques Frederic,Director,-26618.0,100.29,-2669519.0,0.0,-100.0,S,Services,Business Services
2024-07-16,META,"Meta Platforms, Inc.",Newstead Jennifer,Chief Legal Officer,-905.0,501.42,-453785.0,36035.0,-2.0,S,Services,Business Services
2024-07-16,ADSK,"Autodesk, Inc.",FRENCH R REID JR,Director,1456.0,0.0,0.0,14414.0,11.0,A,Services,Business Services
2024-07-16,CVNA,CARVANA CO.,BREAUX PAUL W.,See Remarks,-15000.0,145.0,-2175000.0,114124.0,-12.0,S,Retail Trade,Automotive Dealers And Gasoline Service Stations
2024-07-16,ADSK,"Autodesk, Inc.",MCDOWELL MARY T,Director,1433.0,0.0,0.0,32449.0,5.0,A,Services,Business Services
2024-07-16,ADSK,"Autodesk, Inc.",MILLIGAN STEPHEN D,Director,1338.0,0.0,0.0,10894.0,14.0,A,Services,Business Services
2024-07-16,SFIX,"Stitch Fix, Inc.",Lake Katrina,Director,537007.0,0.0,0.0,546564.0,5619.0,C,Retail Trade,Miscellaneous Retail 
2024-07-16,BLK,BlackRock Inc.,Wiedman Mark,Senior Managing Director,-27000.0,834.9,-22542300.0,6480.0,-81.0,S,"Finance, Insurance, And Real Estate","Security And Commodity Brokers, Dealers, Exchanges, And Services"
2024-07-16,ADSK,"Autodesk, Inc.",Irving Blake,Director,1338.0,0.0,0.0,9599.0,16.0,A,Services,Business Services
2024-07-16,ADSK,"Autodesk, Inc.",RAFAEL BETSY,"Director, Interim CFO",984.0,0.0,0.0,4171.0,31.0,A,Services,Business Services
2024-07-16,OKTA,"Okta, Inc.",Schwartz Larissa,See Remarks,-2792.0,99.4,-277525.0,29809.0,-9.0,S,Services,Business Services
2024-07-16,UBER,"Uber Technologies, Inc",Mahendra-Rajah Prashanth,CFO,-1450.0,74.3,-107735.0,13659.0,-10.0,F,Services,Business Services
2024-07-16,CRS,CARPENTER TECHNOLOGY CORP,SOCCI ELIZABETH A,"VP, Contr & Ch Acctg Officer",3980.0,0.0,0.0,19245.0,26.0,A,Manufacturing,Primary Metal Industries
2024-07-16,JOBY,"Joby Aviation, Inc.",Field Matthew,See Remarks,-25000.0,7.5,-187500.0,269238.0,-8.0,S,Manufacturing,Transportation Equipment
2024-07-16,DMLP,"DORCHESTER MINERALS, L.P.",DORCHESTER MINERALS OPERATING LP,Entity Under Common Control,4878.0,32.41,158096.0,63452.0,8.0,P,Mining,Oil And Gas Extraction
2024-07-16,LUNR,"Intuitive Machines, Inc.",Altemus Stephen J,"Director, Chief Executive Officer, 10% Owner",-203018.0,0.0,0.0,16378685.0,-1.0,D,Manufacturing,"Measuring, Analyzing, And Controlling Instruments; Photographic, Medical And Optical Goods; Watches And Clocks"
2024-07-16,NBIX,NEUROCRINE BIOSCIENCES INC,Delaet Ingrid,Chief Regulatory Officer,1957.0,103.52,202589.0,9064.0,28.0,M,Manufacturing,Chemicals And Allied Products
2024-07-16,IOT,Samsara Inc.,Biswas Sanjit,"Director, CHIEF EXECUTIVE OFFICER, 10% Owner",-96000.0,37.66,-3615360.0,3414731.0,-3.0,S,Services,Business Services
2024-07-16,IOT,Samsara Inc.,Bicket John,"Director, SEE REMARKS, 10% Owner",-96000.0,37.66,-3615360.0,2602836.0,-4.0,S,Services,Business Services
2024-07-16,ADSK,"Autodesk, Inc.",NORRINGTON LORRIE M,Director,1385.0,0.0,0.0,13537.0,11.0,A,Services,Business Services
2024-07-16,OMF,"OneMain Holdings, Inc.",Shulman Douglas H.,"Director, President & CEO",-13826.0,51.35,-709965.0,437474.0,-3.0,F,"Finance, Insurance, And Real Estate",Non-depository Credit Institutions
2024-07-16,BSVN,Bank7 Corp.,Litchfield Henry,VP; General Counsel,-3750.0,37.22,-139575.0,12302.0,-23.0,S,"Finance, Insurance, And Real Estate",Depository Institutions
2024-07-16,MLYS,"Mineralys Therapeutics, Inc.",Rodman David Malcom,Chief Medical Officer,525.0,1.08,567.0,103398.0,1.0,M,Manufacturing,Chemicals And Allied Products
